Ticker,Stationarity,News_sum,News_avg,News_median,News_negative_sum,News_negative_avg,News_negative_median,News_positive_sum,News_positive_avg,News_positive_median,Granger_true,Ticker_long,Name,Market_cap,Net_income,Sector
MSFT,Yes,1693054.0,1349.04701195,1309.0,-13007.0,-10.36414343,-4.0,15800.0,12.58964143,5.0,True,MSFT UW Equity,Microsoft Corp,3002342062689.74,82541000000.0,Technology
AAPL,Yes,2701223.0,2152.3689243,2090.0,-34866.0,-27.78167331,-17.0,21973.0,17.50836653,9.0,False,AAPL UW Equity,Apple Inc,2815209325110.0,100913000000.0,Technology
NVDA,Yes,486168.0,387.38486056,293.0,-7760.0,-6.18326693,-2.0,15624.0,12.44940239,4.0,True,NVDA UW Equity,NVIDIA Corp,1793541100000.0,18888000000.0,Technology
AMZN,Yes,766863.0,611.04621514,514.0,-17424.0,-13.88366534,-8.0,12661.0,10.08844622,5.0,False,AMZN UW Equity,Amazon.com Inc,1760765002637.41,30425000000.0,Consumer Cyclical
GOOG,Yes,1277159.0,1017.65657371,919.0,-41667.0,-33.20079681,-17.0,9351.0,7.45099602,3.0,False,GOOG UW Equity,Alphabet Inc,1754655980000.0,73795000000.0,Communication Services
META,Yes,998984.0,796.00318725,658.0,-54130.0,-43.1314741,-22.0,10495.0,8.3625498,3.0,True,META UW Equity,Meta Platforms Inc,1207110179425.16,39098000000.0,Communication Services
BRK_B,No,105337.0,84.13498403,46.0,-1004.0,-0.80191693,0.0,2507.0,2.00239617,1.0,False,BRK/B UN Equity,Berkshire Hathaway Inc,880005066053.0701,76813000000.0,Financial Services
LLY,Yes,118450.0,94.45773525,74.0,-2394.0,-1.90909091,0.0,4468.0,3.56299841,1.0,True,LLY UN Equity,Eli Lilly & Co,742415217768.2198,5240400000.0,Healthcare
TSLA,Yes,1280534.0,1020.34581673,831.0,-39262.0,-31.28446215,-15.0,27003.0,21.51633466,10.0,True,TSLA UW Equity,Tesla Inc,636798843479.25,14997000000.0,Consumer Cyclical
AVGO,No,149280.0,119.23322684,89.0,-2839.0,-2.26757188,0.0,3557.0,2.84105431,1.0,False,AVGO UW Equity,Broadcom Inc,583059715878.12,14082000000.0,Technology
V,Yes,84607.0,67.41593625,50.0,-1775.0,-1.41434263,0.0,2287.0,1.82231076,1.0,True,V UN Equity,Visa Inc,574110242623.3291,17984000000.0,Financial Services
JPM,Yes,1073249.0,855.17848606,751.0,-9552.0,-7.61115538,-3.0,4954.0,3.94741036,2.0,False,JPM UN Equity,JPMorgan Chase & Co,515672909286.94,49552000000.0,Financial Services
UNH,Yes,83036.0,66.26975259,48.0,-2091.0,-1.66879489,0.0,3149.0,2.5131684,0.0,False,UNH UN Equity,UnitedHealth Group Inc,482394786564.15,22381000000.0,Healthcare
WMT,Yes,411010.0,327.49800797,270.0,-7943.0,-6.32908367,-3.0,8281.0,6.59840637,2.0,True,WMT UN Equity,Walmart Inc,458648933643.08,16292000000.0,Consumer Defensive
MA,Yes,166630.0,132.77290837,111.0,-3110.0,-2.47808765,-1.0,3724.0,2.96733068,1.0,False,MA UN Equity,Mastercard Inc,436714497895.0,11195000000.0,Financial Services
XOM,Yes,246818.0,196.66772908,158.0,-5723.0,-4.56015936,-2.0,3671.0,2.9250996,1.0,False,XOM UN Equity,Exxon Mobil Corp,411911830000.0,36010000000.0,Energy
JNJ,No,454574.0,362.21035857,193.0,-10475.0,-8.34661355,-3.0,6355.0,5.06374502,2.0,False,JNJ UN Equity,Johnson & Johnson,377092509543.4,35153000000.0,Healthcare
PG,Yes,121327.0,97.29510826,75.0,-3792.0,-3.04089816,-1.0,5056.0,4.05453087,1.0,False,PG UN Equity,Procter & Gamble Co/The,370624346215.54,14770000000.0,Consumer Defensive
HD,Yes,113317.0,90.29243028,58.0,-3805.0,-3.03187251,0.0,4986.0,3.97290837,1.0,False,HD UN Equity,Home Depot Inc/The,360633129173.4,15704000000.0,Consumer Cyclical
MRK,Yes,120564.0,96.06693227,73.0,-1863.0,-1.48446215,0.0,3331.0,2.65418327,1.0,False,MRK UN Equity,Merck & Co Inc,323822809904.36,365000000.0,Healthcare
COST,No,130544.0,104.01912351,88.0,-2912.0,-2.32031873,0.0,4723.0,3.76334661,1.0,False,COST UW Equity,Costco Wholesale Corp,321254935899.84,6517000000.0,Consumer Defensive
ABBV,Yes,166686.0,132.81752988,105.0,-3145.0,-2.5059761,-1.0,4442.0,3.53944223,2.0,False,ABBV UN Equity,AbbVie Inc,313365236853.29,4863000000.0,Healthcare
ORCL,No,166381.0,132.57450199,107.0,-4117.0,-3.28047809,-1.0,3899.0,3.10677291,0.0,False,ORCL UN Equity,Oracle Corp,305982507820.0,10138000000.0,Technology
CVX,No,235552.0,187.69083665,154.0,-4310.0,-3.43426295,-1.0,4230.0,3.37051793,1.0,False,CVX UN Equity,Chevron Corp,291902576068.95,21369000000.0,Energy
AMD,Yes,254269.0,202.60478088,171.0,-3855.0,-3.07171315,-1.0,6531.0,5.20398406,2.0,True,AMD UW Equity,Advanced Micro Devices Inc,280936858044.67,854000000.0,Technology
CRM,Yes,152148.0,121.23346614,91.0,-2619.0,-2.08685259,0.0,4543.0,3.61992032,1.0,True,CRM UN Equity,Salesforce Inc,280448960000.0,2592000000.0,Technology
BAC,Yes,286322.0,228.14501992,198.0,-5776.0,-4.60239044,-2.0,4281.0,3.41115538,2.0,False,BAC UN Equity,Bank of America Corp,269157595000.0,26515000000.0,Financial Services
KO,Yes,124112.0,98.8940239,72.0,-2267.0,-1.8063745,-1.0,3862.0,3.07729084,1.0,False,KO UN Equity,Coca-Cola Co/The,256767546175.9,10714000000.0,Consumer Defensive
NFLX,Yes,451723.0,359.93864542,221.0,-13457.0,-10.72270916,-4.0,11045.0,8.80079681,3.0,False,NFLX UW Equity,Netflix Inc,252709959076.8,5407990000.0,Communication Services
ADBE,Yes,115164.0,94.78518519,71.0,-2753.0,-2.26584362,0.0,3363.0,2.76790123,1.0,False,ADBE UW Equity,Adobe Inc,247090320000.0,5428000000.0,Technology
ACN,No,79030.0,64.14772727,48.0,-1905.0,-1.54626623,0.0,2656.0,2.15584416,0.0,False,ACN UN Equity,Accenture PLC,246521323863.48,6880051000.0,Technology
PEP,Yes,120812.0,96.49520767,72.0,-2263.0,-1.80750799,0.0,4415.0,3.52635783,1.0,False,PEP UW Equity,PepsiCo Inc,228595076352.72,9074000000.0,Consumer Defensive
MCD,Yes,224810.0,179.1314741,143.0,-3641.0,-2.90119522,-1.0,3051.0,2.4310757,1.0,False,MCD UN Equity,McDonald's Corp,211814379600.6,8468799999.999999,Consumer Cyclical
TMO,No,97928.0,79.29392713,60.0,-3274.0,-2.65101215,0.0,3825.0,3.09716599,0.0,False,TMO UN Equity,Thermo Fisher Scientific Inc,211670212336.64,5995000000.0,Healthcare
LIN,Yes,1685.0,19.14772727,13.0,-71.0,-0.80681818,0.0,113.0,1.28409091,0.0,False,LIN UW Equity,Linde PLC,209293280472.18,6199000000.0,Basic Materials
DIS,Yes,539057.0,429.52749004,358.0,-12578.0,-10.02231076,-4.0,8120.0,6.47011952,2.0,False,DIS UN Equity,Walt Disney Co/The,204708129426.0,2986000000.0,Communication Services
ABT,Yes,59281.0,47.46277022,33.0,-1949.0,-1.56044836,0.0,2159.0,1.72858287,0.0,False,ABT UN Equity,Abbott Laboratories,197828360788.89,5723000000.0,Healthcare
CSCO,Yes,167682.0,134.1456,105.5,-2720.0,-2.176,0.0,2634.0,2.1072,1.0,True,CSCO UW Equity,Cisco Systems Inc,196834761745.44,13442000000.0,Technology
TMUS,Yes,176805.0,141.21805112,99.0,-4234.0,-3.38178914,-1.0,2781.0,2.22124601,1.0,False,TMUS UW Equity,T-Mobile US Inc,190385427705.75,8317000000.0,Communication Services
WFC,Yes,591984.0,471.70039841,418.0,-8262.0,-6.58326693,-3.0,1877.0,1.49561753,1.0,False,WFC UN Equity,Wells Fargo & Co,186818899000.0,19142000000.0,Financial Services
DHR,No,66833.0,56.54230118,42.0,-4334.0,-3.66666667,0.0,3935.0,3.32910321,0.0,False,DHR UN Equity,Danaher Corp,184800000000.0,4764000000.0,Healthcare
INTC,Yes,591495.0,471.31075697,418.0,-5899.0,-4.70039841,-2.0,4722.0,3.7625498,1.0,False,INTC UW Equity,Intel Corp,183960280000.0,1689000000.0,Technology
INTU,No,58754.0,47.1540931,33.0,-2132.0,-1.71107544,0.0,2060.0,1.65329053,0.0,False,INTU UW Equity,Intuit Inc,183565232640.0,2585000000.0,Technology
IBM,Yes,206817.0,164.79442231,125.0,-5226.0,-4.16414343,-1.0,4637.0,3.69482072,1.0,True,IBM UN Equity,International Business Machine,171337570538.84,7502000000.0,Technology
QCOM,Yes,255972.0,204.61390887,161.0,-5209.0,-4.1638689,-1.0,3863.0,3.08792966,1.0,True,QCOM UW Equity,QUALCOMM Inc,170402040000.0,7763000000.0,Technology
VZ,Yes,172584.0,137.51713147,104.0,-1901.0,-1.51474104,0.0,1745.0,1.39043825,0.0,True,VZ UN Equity,Verizon Communications Inc,170230991217.07,11614000000.0,Communication Services
AMAT,No,75951.0,61.20145044,46.0,-1703.0,-1.37228042,0.0,2506.0,2.01933924,0.0,False,AMAT UW Equity,Applied Materials Inc,166054623318.5,7158000000.0,Technology
CMCSA,Yes,91636.0,73.07496013,57.0,-1762.0,-1.40510367,0.0,1952.0,1.55661882,0.0,False,CMCSA UW Equity,Comcast Corp,163799396660.36,15388000000.0,Communication Services
UBER,Yes,200525.0,164.76992605,112.0,-8319.0,-6.83566146,-2.0,4513.0,3.7082991,1.0,True,UBER UN Equity,Uber Technologies Inc,162818161134.0,1887000000.0,Technology
GE,Yes,329080.0,262.21513944,224.0,-5099.0,-4.06294821,-1.0,3698.0,2.94661355,1.0,True,GE UN Equity,General Electric Co,162335944784.64,9481000000.0,Industrials
CAT,Yes,83075.0,66.19521912,44.0,-2339.0,-1.86374502,0.0,2703.0,2.15378486,0.0,False,CAT UN Equity,Caterpillar Inc,160754536663.79,10335000000.0,Industrials
NKE,Yes,166769.0,132.88366534,95.0,-5812.0,-4.6310757,-1.0,4352.0,3.46772908,1.0,True,NKE UN Equity,NIKE Inc,156830285258.68,5299000000.0,Consumer Cyclical
NOW,Yes,56096.0,48.40034513,34.0,-664.0,-0.57290768,0.0,1726.0,1.48921484,0.0,False,NOW UN Equity,ServiceNow Inc,156825000000.0,1731000000.0,Technology
PFE,Yes,968812.0,771.96175299,237.0,-6227.0,-4.96175299,-2.0,9316.0,7.42310757,2.0,True,PFE UN Equity,Pfizer Inc,155953935125.04,2119000000.0,Healthcare
BX,Yes,91328.0,74.06974858,60.0,-1120.0,-0.90835361,0.0,1580.0,1.28142741,0.0,False,BX UN Equity,Blackstone Inc,155814450009.12,1390880000.0,Financial Services
AXP,Yes,126191.0,100.55059761,79.0,-2131.0,-1.69800797,0.0,2500.0,1.99203187,1.0,False,AXP UN Equity,American Express Co,153865761924.72,8374000000.0,Financial Services
AMGN,Yes,89200.0,71.07569721,55.0,-2741.0,-2.18406375,0.0,3321.0,2.64621514,1.0,False,AMGN UW Equity,Amgen Inc,152040192213.7,6717000000.0,Healthcare
UNP,No,70196.0,56.60967742,44.0,-1870.0,-1.50806452,0.0,1662.0,1.34032258,0.0,False,UNP UN Equity,Union Pacific Corp,150365135813.26,6379000000.0,Industrials
TXN,Yes,267076.0,218.55646481,95.0,-2451.0,-2.00572831,0.0,1954.0,1.599018,0.0,False,TXN UW Equity,Texas Instruments Inc,145831556995.74,6510000000.0,Technology
MS,Yes,495128.0,394.52430279,307.0,-3318.0,-2.6438247,-1.0,2649.0,2.11075697,1.0,False,MS UN Equity,Morgan Stanley,141973451670.0,9087000000.0,Financial Services
PM,Yes,60260.0,48.51851852,33.0,-1427.0,-1.1489533,0.0,1754.0,1.41223833,0.0,False,PM UN Equity,Philip Morris International In,139177733921.05,7813000000.0,Consumer Defensive
ISRG,No,37246.0,31.06422018,20.0,-1002.0,-0.83569641,0.0,1361.0,1.13511259,0.0,False,ISRG UW Equity,Intuitive Surgical Inc,133401141507.69,1798000000.0,Healthcare
SPGI,No,118258.0,96.14471545,81.0,-908.0,-0.73821138,0.0,1128.0,0.91707317,0.0,False,SPGI UN Equity,S&P Global Inc,133043337000.0,2626000000.0,Financial Services
SYK,No,60220.0,49.11908646,37.0,-2366.0,-1.92985318,0.0,2286.0,1.86460033,0.0,False,SYK UN Equity,Stryker Corp,132826227774.8,3165000000.0,Healthcare
LOW,No,66378.0,54.09779951,34.0,-2528.0,-2.0603097,0.0,3508.0,2.8590057,0.0,False,LOW UN Equity,Lowe's Cos Inc,130464293310.0,7663000000.0,Consumer Cyclical
COP,Yes,161137.0,128.39601594,107.0,-2610.0,-2.07968127,-1.0,3160.0,2.51792829,1.0,False,COP UN Equity,ConocoPhillips,130075473249.76,10957000000.0,Energy
GS,Yes,937019.0,746.62868526,713.0,-5417.0,-4.31633466,-2.0,3074.0,2.44940239,1.0,False,GS UN Equity,Goldman Sachs Group Inc/The,129811694631.64,8516000000.0,Financial Services
BKNG,Yes,59629.0,47.62699681,35.0,-1192.0,-0.95207668,0.0,1538.0,1.2284345,0.0,False,BKNG UW Equity,Booking Holdings Inc,129680075561.32,5302000000.0,Consumer Cyclical
HON,No,58810.0,82.25174825,69.0,-2797.0,-3.91188811,-1.0,2658.0,3.71748252,0.0,False,HON UW Equity,Honeywell International Inc,128590687872.04,5658000000.0,Industrials
UPS,Yes,128658.0,102.51633466,77.0,-2161.0,-1.72191235,0.0,2604.0,2.0749004,0.0,True,UPS UN Equity,United Parcel Service Inc,126434276663.49,6708000000.0,Industrials
BA,Yes,610686.0,486.60239044,302.0,-23645.0,-18.84063745,-5.0,5549.0,4.42151394,1.0,False,BA UN Equity,Boeing Co/The,124400466947.45,-2222000000.0,Industrials
PLD,No,71203.0,60.2394247,46.0,-781.0,-0.6607445,0.0,1167.0,0.98730964,0.0,False,PLD UN Equity,Prologis Inc,123369876590.0,3059214000.0,Real Estate
LRCX,No,54197.0,43.95539335,33.0,-1350.0,-1.09489051,0.0,1818.0,1.47445255,0.0,False,LRCX UW Equity,Lam Research Corp,121405311090.0,3458209000.0,Technology
T,Yes,252807.0,201.43984064,169.0,-8335.0,-6.64143426,-4.0,4684.0,3.73227092,1.0,True,T UN Equity,AT&T Inc,121335500000.0,14400000000.0,Communication Services
RTX,No,93984.0,88.58058435,66.0,-3058.0,-2.88218662,-1.0,4588.0,4.32422243,1.0,False,RTX UN Equity,RTX Corp,120754515804.96,3195000000.0,Industrials
ELV,Yes,54940.0,45.14379622,33.0,-1748.0,-1.43631882,0.0,1949.0,1.60147905,0.0,False,ELV UN Equity,Elevance Health Inc,120447101375.05,5987000000.0,Healthcare
BLK,Yes,230141.0,188.02369281,120.0,-1651.0,-1.34885621,0.0,1990.0,1.62581699,0.0,False,BLK UN Equity,BlackRock Inc,118884918898.0,5502000000.0,Financial Services
SCHW,Yes,121890.0,98.45718901,76.0,-2079.0,-1.67932149,0.0,1589.0,1.28352181,0.0,False,SCHW UN Equity,Charles Schwab Corp/The,117373852797.6,5067000000.0,Financial Services
PANW,Yes,22105.0,38.51045296,28.0,-821.0,-1.43031359,0.0,1275.0,2.22125436,1.0,False,PANW UW Equity,Palo Alto Networks Inc,115529073000.0,613900000.0,Technology
NEE,No,102358.0,81.8864,63.0,-4068.0,-3.2544,0.0,3765.0,3.012,0.0,False,NEE UN Equity,NextEra Energy Inc,115412409248.91,7310000000.0,Utilities
MDT,No,154591.0,123.18007968,104.0,-4358.0,-3.47250996,0.0,3996.0,3.18406375,0.0,False,MDT UN Equity,Medtronic PLC,112249416934.62,4101000000.0,Healthcare
TJX,No,50029.0,41.04101723,26.0,-2107.0,-1.72846596,0.0,2494.0,2.04593929,0.0,False,TJX UN Equity,TJX Cos Inc/The,111733915040.64,4109000000.0,Consumer Cyclical
ETN,Yes,48025.0,41.90663176,31.0,-639.0,-0.55759162,0.0,1061.0,0.92582897,0.0,False,ETN UN Equity,Eaton Corp PLC,110813736000.0,3218000000.0,Industrials
PGR,No,43564.0,34.7123506,25.0,-1769.0,-1.40956175,0.0,1799.0,1.43346614,0.0,False,PGR UN Equity,Progressive Corp/The,110750013000.0,3902400000.0,Financial Services
VRTX,Yes,56543.0,46.11990212,33.0,-571.0,-0.46574225,0.0,1426.0,1.16313214,0.0,False,VRTX UW Equity,Vertex Pharmaceuticals Inc,109057559915.2,3619600000.0,Healthcare
SBUX,Yes,238932.0,190.38406375,155.0,-5254.0,-4.18645418,-1.0,4302.0,3.42788845,1.0,False,SBUX UW Equity,Starbucks Corp,105543684000.0,4293700000.0,Consumer Cyclical
C,Yes,537416.0,428.21992032,402.0,-4546.0,-3.62231076,-2.0,3198.0,2.54820717,1.0,False,C UN Equity,Citigroup Inc,104385035000.0,9228000000.0,Financial Services
REGN,Yes,96462.0,77.10791367,54.0,-1002.0,-0.80095923,0.0,2606.0,2.08313349,1.0,True,REGN UW Equity,Regeneron Pharmaceuticals Inc,104059765502.8,3953600000.0,Healthcare
ADP,Yes,27494.0,22.98829431,13.0,-1198.0,-1.00167224,0.0,1108.0,0.9264214,0.0,False,ADP UW Equity,Automatic Data Processing Inc,103917689733.99,3557600000.0,Industrials
LMT,Yes,266255.0,212.15537849,178.0,-2901.0,-2.31155378,0.0,3206.0,2.55458167,0.0,True,LMT UN Equity,Lockheed Martin Corp,102473675927.28,6920000000.0,Industrials
CB,No,50792.0,41.83855025,31.0,-2283.0,-1.88056013,0.0,2373.0,1.95469522,0.0,False,CB UN Equity,Chubb Ltd,101682151923.3,9028000000.0,Financial Services
DE,Yes,54286.0,44.38757155,29.0,-1474.0,-1.20523303,0.0,1647.0,1.34668847,0.0,False,DE UN Equity,Deere & Co,100986742344.12,9958000000.0,Industrials
BMY,Yes,96105.0,76.57768924,59.0,-1553.0,-1.2374502,0.0,2708.0,2.15776892,1.0,True,BMY UN Equity,Bristol-Myers Squibb Co,100826563472.46,8025000000.0,Healthcare
CI,No,62771.0,50.99187652,37.0,-1332.0,-1.08204712,0.0,1911.0,1.55239643,0.0,False,CI UN Equity,Cigna Group/The,99770189360.0,5164000000.0,Healthcare
ABNB,Yes,90527.0,110.66870416,87.0,-1814.0,-2.21760391,-1.0,1936.0,2.36674817,1.0,False,ABNB UW Equity,Airbnb Inc,98683832669.19,4792000000.0,Consumer Cyclical
MMC,No,31928.0,27.52413793,20.0,-977.0,-0.84224138,0.0,1321.0,1.1387931,0.0,False,MMC UN Equity,Marsh & McLennan Cos Inc,98478736058.80002,3756000000.0,Financial Services
CVS,Yes,123455.0,98.37051793,71.0,-3033.0,-2.41673307,-1.0,3599.0,2.86772908,0.0,False,CVS UN Equity,CVS Health Corp,97026460536.29999,8344000000.0,Healthcare
MDLZ,No,79316.0,64.58957655,51.0,-2873.0,-2.33957655,0.0,3009.0,2.45032573,0.0,False,MDLZ UW Equity,Mondelez International Inc,96919444043.78001,4959000000.0,Consumer Defensive
BSX,No,69052.0,55.19744205,43.0,-1960.0,-1.5667466,0.0,2279.0,1.82174261,0.0,False,BSX UN Equity,Boston Scientific Corp,96425166382.13998,1592000000.0,Healthcare
ADI,Yes,66667.0,55.00577558,31.0,-1383.0,-1.14108911,0.0,1808.0,1.49174917,0.0,False,ADI UW Equity,Analog Devices Inc,93336842915.68001,3314579000.0,Technology
KLAC,Yes,41140.0,33.63859362,24.0,-941.0,-0.76941946,0.0,1318.0,1.07767784,0.0,False,KLAC UW Equity,KLA Corp,89436775088.85002,2706400000.0,Technology
GILD,Yes,142480.0,113.52988048,73.0,-2130.0,-1.69721116,0.0,3551.0,2.82948207,1.0,True,GILD UW Equity,Gilead Sciences Inc,89191678844.1,5665000000.0,Healthcare
FI,Yes,54973.0,47.96945899,35.0,-883.0,-0.77050611,0.0,1329.0,1.15968586,0.0,False,FI UN Equity,Fiserv Inc,88851493396.63998,3068000000.0,Technology
MU,Yes,134801.0,107.41115538,73.0,-3507.0,-2.79442231,0.0,2653.0,2.11394422,0.0,True,MU UW Equity,Micron Technology Inc,87760755960.0,-6872000000.0,Technology
AMT,Yes,61804.0,52.24344886,38.0,-612.0,-0.51732883,0.0,856.0,0.72358411,0.0,False,AMT UN Equity,American Tower Corp,87233478531.34001,714600000.0,Real Estate
ZTS,Yes,33405.0,35.42417815,23.0,-145.0,-0.15376458,0.0,590.0,0.62566278,0.0,False,ZTS UN Equity,Zoetis Inc,86257585794.84999,2344000000.0,Healthcare
SNPS,Yes,29014.0,25.7444543,17.0,-1247.0,-1.10647737,0.0,1775.0,1.57497782,0.0,False,SNPS UW Equity,Synopsys Inc,84342200690.87999,1229888000.0,Technology
ANET,No,40525.0,34.40152801,24.0,-1156.0,-0.98132428,0.0,1807.0,1.53395586,0.0,False,ANET UN Equity,Arista Networks Inc,81831847941.00002,2087321000.0,Technology
HCA,Yes,39771.0,33.79014444,25.0,-1000.0,-0.84961767,0.0,1432.0,1.21665251,0.0,False,HCA UN Equity,HCA Healthcare Inc,81611073885.0,5242000000.0,Healthcare
EQIX,No,43787.0,37.20220901,25.0,-536.0,-0.45539507,0.0,940.0,0.79864061,0.0,False,EQIX UW Equity,Equinix Inc,81017723277.26999,969178000.0,Real Estate
WM,No,37350.0,31.02159468,19.0,-560.0,-0.46511628,0.0,692.0,0.57475083,0.0,False,WM UN Equity,Waste Management Inc,80938076438.58,2304000000.0,Industrials
SHW,Yes,46093.0,39.80397237,27.0,-915.0,-0.79015544,0.0,1179.0,1.01813472,0.0,False,SHW UN Equity,Sherwin-Williams Co/The,79113999097.2,2388800000.0,Basic Materials
CDNS,No,25013.0,23.33302239,16.0,-667.0,-0.62220149,0.0,955.0,0.89085821,0.0,False,CDNS UW Equity,Cadence Design Systems Inc,79030981699.99998,1041144000.0,Technology
ICE,Yes,53764.0,45.10402685,37.0,-505.0,-0.42365772,0.0,976.0,0.81879195,0.0,False,ICE UN Equity,Intercontinental Exchange Inc,78517164196.00002,2368000000.0,Financial Services
CME,Yes,34011.0,29.75590551,23.0,-424.0,-0.37095363,0.0,629.0,0.55030621,0.0,False,CME UW Equity,CME Group Inc,76412109085.76,3226200000.0,Financial Services
ITW,No,35884.0,30.43596268,23.0,-1708.0,-1.44868533,0.0,1482.0,1.25699746,0.0,False,ITW UN Equity,Illinois Tool Works Inc,75871296000.0,2957000000.0,Industrials
GD,No,52869.0,44.1679198,33.0,-1272.0,-1.06265664,0.0,1496.0,1.24979114,0.0,False,GD UN Equity,General Dynamics Corp,73821225626.88,3315000000.0,Industrials
SO,No,44719.0,36.68498769,29.0,-908.0,-0.74487285,0.0,861.0,0.70631665,0.0,False,SO UN Equity,Southern Co/The,72563889411.36002,3976000000.0,Utilities
CSX,Yes,47763.0,39.57166529,30.0,-1235.0,-1.02319801,0.0,995.0,0.82435791,0.0,False,CSX UW Equity,CSX Corp,71939413038.24,3715000000.0,Industrials
CMG,Yes,69150.0,55.14354067,38.0,-2649.0,-2.11244019,0.0,3951.0,3.1507177,1.0,False,CMG UN Equity,Chipotle Mexican Grill Inc,71251988164.67,1228737000.0,Consumer Cyclical
MO,Yes,79771.0,63.71485623,46.0,-2697.0,-2.15415335,-1.0,1844.0,1.47284345,0.0,False,MO UN Equity,Altria Group Inc,70855894119.5,8130000000.0,Consumer Defensive
DUK,No,80348.0,64.58842444,53.0,-2975.0,-2.3914791,0.0,2518.0,2.02411576,0.0,False,DUK UN Equity,Duke Energy Corp,70839480000.0,2841000000.0,Utilities
MAR,No,110111.0,87.73784861,71.0,-2338.0,-1.86294821,-1.0,1937.0,1.54342629,0.0,False,MAR UW Equity,Marriott International Inc/MD,69948342220.94,3083000000.0,Consumer Cyclical
BDX,No,54882.0,45.20757825,32.0,-1850.0,-1.52388797,0.0,1488.0,1.22570016,0.0,False,BDX UN Equity,Becton Dickinson & Co,69556101376.32,1256000000.0,Healthcare
SLB,No,58067.0,47.01781377,33.0,-1004.0,-0.81295547,0.0,1281.0,1.03724696,0.0,False,SLB UN Equity,Schlumberger NV,69328567524.51,4203000000.0,Energy
TGT,Yes,81178.0,65.57189015,37.0,-4252.0,-3.43457189,-1.0,5067.0,4.09289176,1.0,True,TGT UN Equity,Target Corp,69069221898.0,3632000000.0,Consumer Defensive
CL,Yes,50460.0,40.53012048,32.0,-976.0,-0.78393574,0.0,1608.0,1.29156627,0.0,False,CL UN Equity,Colgate-Palmolive Co,68716638718.12001,2300000000.0,Consumer Defensive
MCO,Yes,171067.0,145.46513605,131.0,-1083.0,-0.92091837,0.0,826.0,0.70238095,0.0,False,MCO UN Equity,Moody's Corp,67663700000.0,1607000000.0,Financial Services
NOC,Yes,111247.0,90.15153971,75.0,-1727.0,-1.39951378,0.0,1838.0,1.48946515,0.0,False,NOC UN Equity,Northrop Grumman Corp,67660101526.8,2056000000.0,Industrials
MCK,Yes,49312.0,40.2875817,29.0,-1730.0,-1.41339869,0.0,1453.0,1.1870915,0.0,False,MCK UN Equity,McKesson Corp,67157518643.16,2998000000.0,Healthcare
PH,Yes,38405.0,34.63029757,26.0,-1317.0,-1.18755636,0.0,1417.0,1.27772768,0.0,False,PH UN Equity,Parker-Hannifin Corp,66781348731.24,2632523000.0,Industrials
EOG,No,50601.0,40.57818765,32.0,-2089.0,-1.67522053,0.0,1865.0,1.49558941,0.0,False,EOG UN Equity,EOG Resources Inc,66222468803.11999,7883000000.0,Energy
USB,Yes,111515.0,90.73637103,73.0,-2107.0,-1.71440195,0.0,1530.0,1.24491456,0.0,False,USB UN Equity,US Bancorp,64641420000.00001,5429000000.0,Financial Services
MPC,No,47868.0,38.66558966,27.0,-1138.0,-0.91922456,0.0,1227.0,0.9911147,0.0,False,MPC UN Equity,Marathon Petroleum Corp,64552334062.77,9681000000.0,Energy
TDG,Yes,26566.0,23.20174672,15.0,-744.0,-0.64978166,0.0,936.0,0.81746725,0.0,False,TDG UN Equity,TransDigm Group Inc,63746461547.79001,1451000000.0,Industrials
PYPL,Yes,99833.0,79.73881789,50.0,-2985.0,-2.3841853,-1.0,3029.0,2.41932907,1.0,False,PYPL UW Equity,PayPal Holdings Inc,63382813836.96001,4246000000.0,Financial Services
APH,Yes,21580.0,20.22492971,13.0,-561.0,-0.5257732,0.0,756.0,0.70852858,0.0,False,APH UN Equity,Amphenol Corp,63296684088.56001,1928000000.0,Technology
PSX,Yes,85054.0,67.98880895,58.0,-961.0,-0.76818545,0.0,1207.0,0.96482814,0.0,False,PSX UN Equity,Phillips 66,63270011240.75001,7015000000.0,Energy
CTAS,Yes,24289.0,21.49469027,13.0,-642.0,-0.56814159,0.0,1107.0,0.97964602,0.0,False,CTAS UW Equity,Cintas Corp,62308966237.1,1431726000.0,Industrials
ORLY,No,28455.0,24.82984293,17.0,-1152.0,-1.0052356,0.0,1826.0,1.59336824,0.0,False,ORLY UW Equity,O'Reilly Automotive Inc,62088458031.6,2346581000.0,Consumer Cyclical
TT,Yes,22966.0,28.63591022,20.0,-390.0,-0.48628429,0.0,575.0,0.71695761,0.0,False,TT UN Equity,Trane Technologies PLC,61802247206.08001,2023900000.0,Industrials
AON,Yes,48436.0,53.05147864,26.0,-809.0,-0.88608981,0.0,838.0,0.91785323,0.0,False,AON UN Equity,Aon PLC,61718187041.4,2564000000.0,Financial Services
ECL,No,38025.0,32.00757576,21.0,-1063.0,-0.89478114,0.0,1295.0,1.09006734,0.0,False,ECL UN Equity,Ecolab Inc,61413414431.6,1372300000.0,Basic Materials
EMR,No,50192.0,43.98948291,34.0,-1181.0,-1.03505697,0.0,1511.0,1.32427695,0.0,False,EMR UN Equity,Emerson Electric Co,60685955000.00001,11030000000.0,Industrials
NXPI,Yes,45843.0,42.84392523,30.0,-363.0,-0.33925234,0.0,1002.0,0.9364486,0.0,False,NXPI UW Equity,NXP Semiconductors NV,59842327960.16,2797000000.0,Technology
FDX,Yes,96816.0,78.45705024,50.0,-3469.0,-2.81118314,-1.0,2462.0,1.99513776,0.0,False,FDX UN Equity,FedEx Corp,59371970479.32,4287000000.0,Industrials
PNC,Yes,64118.0,51.66639807,33.0,-850.0,-0.68493151,0.0,1151.0,0.92747784,0.0,False,PNC UN Equity,PNC Financial Services Group I,59242299999.99999,5578000000.0,Financial Services
ROP,Yes,2619.0,15.05172414,11.0,-181.0,-1.04022989,-1.0,169.0,0.97126437,0.0,False,ROP UW Equity,Roper Technologies Inc,58278942371.69,1384200000.0,Technology
MNST,Yes,27896.0,23.24666667,16.0,-856.0,-0.71333333,0.0,1106.0,0.92166667,0.0,False,MNST UW Equity,Monster Beverage Corp,57245082966.96001,1565682000.0,Consumer Defensive
NSC,No,63382.0,51.23848019,37.0,-2385.0,-1.92805174,0.0,1276.0,1.03152789,0.0,False,NSC UN Equity,Norfolk Southern Corp,56931175276.32,1827000000.0,Industrials
RSG,No,29132.0,24.23627288,16.0,-677.0,-0.56322795,0.0,796.0,0.66222962,0.0,False,RSG UN Equity,Republic Services Inc,56769864236.29001,1638300000.0,Industrials
LULU,Yes,71153.0,57.80097482,37.0,-1535.0,-1.2469537,0.0,3671.0,2.98212835,1.0,False,LULU UW Equity,Lululemon Athletica Inc,56735359851.20001,1000533000.0,Consumer Cyclical
PCAR,Yes,32124.0,27.52699229,18.0,-864.0,-0.7403599,0.0,1339.0,1.14738646,0.0,False,PCAR UW Equity,PACCAR Inc,56396040999.99999,4600800000.0,Industrials
FCX,Yes,61384.0,49.38374899,37.0,-1068.0,-0.85921158,0.0,1098.0,0.88334674,0.0,False,FCX UN Equity,Freeport-McMoRan Inc,55698101858.3,1848000000.0,Basic Materials
ADSK,No,40138.0,33.92899408,22.0,-1332.0,-1.12595097,0.0,1607.0,1.35841082,0.0,False,ADSK UW Equity,Autodesk Inc,55254328447.5,917000000.0,Technology
PXD,No,52801.0,43.24406224,31.0,-1619.0,-1.32596233,0.0,1564.0,1.28091728,0.0,False,PXD UN Equity,Pioneer Natural Resources Co,54100106129.97,5106000000.0,Energy
MSI,Yes,20427.0,17.88704028,11.0,-461.0,-0.40367776,0.0,811.0,0.71015762,0.0,False,MSI UN Equity,Motorola Solutions Inc,53243959080.69,1709000000.0,Technology
OXY,No,130556.0,104.02868526,70.0,-3290.0,-2.62151394,-1.0,2759.0,2.19840637,1.0,False,OXY UN Equity,Occidental Petroleum Corp,53227306048.28001,4696000000.0,Energy
WELL,Yes,30647.0,26.37435456,19.0,-959.0,-0.8253012,0.0,983.0,0.84595525,0.0,False,WELL UN Equity,Welltower Inc,52979613634.67,340094000.0,Real Estate
FTNT,No,40702.0,35.14853195,26.0,-1102.0,-0.95164076,0.0,1618.0,1.39723661,0.0,False,FTNT UW Equity,Fortinet Inc,52586449613.43999,1147800000.0,Technology
EL,Yes,87277.0,70.44148507,54.0,-2491.0,-2.01049233,0.0,2033.0,1.64083939,0.0,False,EL UN Equity,Estee Lauder Cos Inc/The,52469752875.33,467000000.0,Consumer Defensive
COF,Yes,72311.0,57.61832669,40.0,-1967.0,-1.56733068,0.0,1162.0,0.92589641,0.0,False,COF UN Equity,Capital One Financial Corp,52202291999.99999,4887000000.0,Financial Services
AJG,Yes,27240.0,22.40131579,17.0,-784.0,-0.64473684,0.0,956.0,0.78618421,0.0,False,AJG UN Equity,Arthur J Gallagher & Co,51862896000.0,969500000.0,Financial Services
EW,No,37120.0,32.16637782,23.0,-977.0,-0.84662045,0.0,1179.0,1.02166378,0.0,False,EW UN Equity,Edwards Lifesciences Corp,51771929999.99999,1402400000.0,Healthcare
MMM,Yes,64159.0,51.12270916,33.0,-2336.0,-1.86135458,0.0,1312.0,1.04541833,0.0,False,MMM UN Equity,3M Co,50433875000.00001,-6995000000.0,Industrials
APD,No,36640.0,31.72294372,22.0,-1039.0,-0.8995671,0.0,1022.0,0.88484848,0.0,False,APD UN Equity,Air Products and Chemicals Inc,50428993419.35,2337300000.0,Basic Materials
TRV,Yes,41457.0,34.00902379,25.0,-1246.0,-1.0221493,0.0,1050.0,0.86136177,0.0,False,TRV UN Equity,Travelers Cos Inc/The,49841744845.32,2991000000.0,Financial Services
HLT,No,41189.0,33.351417,24.0,-1053.0,-0.85263158,0.0,1271.0,1.0291498,0.0,False,HLT UN Equity,Hilton Worldwide Holdings Inc,49819353541.25999,1141000000.0,Consumer Cyclical
CHTR,Yes,69347.0,56.93513957,40.0,-1093.0,-0.89737274,0.0,1012.0,0.83087028,0.0,False,CHTR UW Equity,Charter Communications Inc,49765390750.0,4557000000.0,Communication Services
MET,Yes,113649.0,91.28433735,78.0,-1664.0,-1.33654618,0.0,1454.0,1.16787149,0.0,False,MET UN Equity,MetLife Inc,49722106925.00999,1578000000.0,Financial Services
PSA,No,36511.0,30.86306002,20.0,-720.0,-0.60862215,0.0,755.0,0.63820795,0.0,False,PSA UN Equity,Public Storage,49499511268.32,2121395000.0,Real Estate
F,Yes,319797.0,254.81832669,211.0,-8250.0,-6.57370518,-2.0,4421.0,3.52270916,1.0,False,F UN Equity,Ford Motor Co,48875687228.40001,4347000000.0,Consumer Cyclical
SPG,Yes,37678.0,30.43457189,19.0,-699.0,-0.56462036,0.0,730.0,0.58966074,0.0,False,SPG UN Equity,Simon Property Group Inc,48875041479.12,2283126000.0,Real Estate
CARR,Yes,23334.0,30.03088803,23.0,-483.0,-0.62162162,0.0,529.0,0.68082368,0.0,True,CARR UN Equity,Carrier Global Corp,48511658538.0,1349000000.0,Industrials
ROST,No,32670.0,27.20233139,17.0,-1050.0,-0.87427144,0.0,1286.0,1.07077435,0.0,False,ROST UW Equity,Ross Stores Inc,48506875605.28,1711880000.0,Consumer Cyclical
TFC,Yes,47111.0,43.10247027,35.0,-873.0,-0.79871912,0.0,996.0,0.91125343,0.0,False,TFC UN Equity,Truist Financial Corp,48148122300.0,-1091000000.0,Financial Services
AIG,Yes,40299.0,34.92114385,23.0,-940.0,-0.81455806,0.0,850.0,0.73656846,0.0,False,AIG UN Equity,American International Group I,47693993786.08,3643000000.0,Financial Services
VLO,Yes,50351.0,40.31305044,29.0,-803.0,-0.64291433,0.0,839.0,0.67173739,0.0,False,VLO UN Equity,Valero Energy Corp,47506803526.68,8835000000.0,Energy
AZO,No,35045.0,29.42485306,20.0,-1269.0,-1.06549118,0.0,2239.0,1.87993283,0.0,False,AZO UN Equity,AutoZone Inc,47169374488.32,2582571000.0,Consumer Cyclical
CPRT,No,16047.0,14.85833333,8.5,-569.0,-0.52685185,0.0,742.0,0.68703704,0.0,False,CPRT UW Equity,Copart Inc,47012931400.32001,1324420000.0,Industrials
CCI,No,36116.0,30.63273961,21.0,-944.0,-0.80067854,0.0,883.0,0.74893978,0.0,False,CCI UN Equity,Crown Castle Inc,46967479999.99999,1502000000.0,Real Estate
DHI,No,47649.0,39.37933884,27.0,-1131.0,-0.93471074,0.0,1765.0,1.45867769,0.0,False,DHI UN Equity,DR Horton Inc,46875827428.14,4734400000.0,Consumer Cyclical
GWW,Yes,17825.0,15.66344464,10.0,-454.0,-0.39894552,0.0,817.0,0.71792619,0.0,False,GWW UN Equity,WW Grainger Inc,46447637570.0,1829000000.0,Industrials
COR,Yes,36121.0,30.53338969,21.0,-977.0,-0.82586644,0.0,1271.0,1.07438715,0.0,False,COR UN Equity,Cencora Inc,46223967417.96,1867048000.0,Healthcare
ODFL,No,24010.0,20.75194468,14.0,-932.0,-0.80553155,0.0,1178.0,1.01815039,0.0,False,ODFL UW Equity,Old Dominion Freight Line Inc,46204176786.3,1239502000.0,Industrials
IDXX,No,15814.0,15.86158475,10.0,-870.0,-0.87261785,0.0,967.0,0.96990973,0.0,False,IDXX UW Equity,IDEXX Laboratories Inc,46138542529.07999,845042000.0,Healthcare
AFL,Yes,32176.0,26.2019544,19.0,-959.0,-0.78094463,0.0,1227.0,0.99918567,0.0,False,AFL UN Equity,Aflac Inc,45919663020.0,4659000000.0,Financial Services
NUE,Yes,42944.0,35.05632653,26.0,-837.0,-0.68326531,0.0,1154.0,0.94204082,0.0,True,NUE UN Equity,Nucor Corp,45622801434.42001,4524801000.0,Basic Materials
HES,Yes,48353.0,39.89521452,30.0,-815.0,-0.67244224,0.0,825.0,0.68069307,0.0,False,HES UN Equity,Hess Corp,45590523862.4,1382000000.0,Energy
DXCM,Yes,35711.0,29.85869565,20.0,-676.0,-0.56521739,0.0,1185.0,0.99080268,0.0,False,DXCM UW Equity,Dexcom Inc,45124580028.05,541500000.0,Healthcare
MSCI,Yes,43624.0,36.08271299,26.0,-667.0,-0.55169562,0.0,667.0,0.55169562,0.0,False,MSCI UN Equity,MSCI Inc,44983126825.0,1148592000.0,Financial Services
GM,Yes,663284.0,528.51314741,463.0,-12410.0,-9.88844622,-4.0,7720.0,6.15139442,2.0,True,GM UN Equity,General Motors Co,44676568206.9,10127000000.0,Consumer Cyclical
STZ,Yes,66545.0,53.88259109,39.0,-1178.0,-0.95384615,0.0,1584.0,1.28259109,0.0,False,STZ UN Equity,Constellation Brands Inc,44578845624.96001,1558000000.0,Consumer Defensive
PAYX,Yes,26144.0,24.07366483,15.0,-1175.0,-1.08195212,0.0,1258.0,1.15837937,0.0,False,PAYX UW Equity,Paychex Inc,44394816891.88,1629700000.0,Industrials
SRE,Yes,66655.0,53.62429606,42.0,-1191.0,-0.95816573,0.0,948.0,0.76267096,0.0,False,SRE UN Equity,Sempra,44361334808.42001,2776000000.0,Utilities
HUM,Yes,57613.0,46.20128308,34.0,-1388.0,-1.11307137,0.0,1623.0,1.30152366,0.0,True,HUM UN Equity,Humana Inc,44270114339.8,2489000000.0,Healthcare
MCHP,Yes,34815.0,30.78249337,20.0,-637.0,-0.56321839,0.0,1046.0,0.92484527,0.0,False,MCHP UW Equity,Microchip Technology Inc,44101060517.89,2356200000.0,Technology
TEL,Yes,22018.0,20.59681946,13.0,-517.0,-0.48362956,0.0,700.0,0.65481759,0.0,False,TEL UN Equity,TE Connectivity Ltd,43972975748.8,3316000000.0,Technology
URI,Yes,30596.0,25.36981758,19.0,-454.0,-0.37645108,0.0,718.0,0.59535655,0.0,False,URI UN Equity,United Rentals Inc,43695386954.36999,2424000000.0,Industrials
O,No,26512.0,22.22296731,17.0,-1011.0,-0.84744342,0.0,1060.0,0.88851635,0.0,False,O UN Equity,Realty Income Corp,43527399580.89999,881169000.0,Real Estate
DLR,No,30661.0,25.85244519,19.0,-857.0,-0.72259696,0.0,733.0,0.61804384,0.0,False,DLR UN Equity,Digital Realty Trust Inc,43325724539.99999,948838000.0,Real Estate
KDP,Yes,16383.0,25.5984375,17.0,-123.0,-0.1921875,0.0,383.0,0.5984375,0.0,True,KDP UW Equity,Keurig Dr Pepper Inc,43306469109.91,1941000000.0,Consumer Defensive
IQV,No,20788.0,19.61132075,13.0,-1002.0,-0.94528302,0.0,995.0,0.93867925,0.0,False,IQV UN Equity,IQVIA Holdings Inc,43305900000.0,1358000000.0,Healthcare
ALL,Yes,43490.0,34.792,25.0,-1721.0,-1.3768,0.0,953.0,0.7624,0.0,False,ALL UN Equity,Allstate Corp/The,42386360000.0,-188000000.0,Financial Services
KHC,No,64130.0,51.26298961,36.0,-2795.0,-2.23421263,0.0,2234.0,1.78577138,0.0,False,KHC UW Equity,Kraft Heinz Co/The,42228003585.47,2855000000.0,Consumer Defensive
CNC,Yes,56773.0,45.56420546,32.0,-1883.0,-1.51123596,0.0,1694.0,1.35955056,0.0,False,CNC UN Equity,Centene Corp,42085270160.0,2702000000.0,Healthcare
OKE,No,32469.0,31.58463035,24.0,-522.0,-0.5077821,0.0,662.0,0.64396887,0.0,False,OKE UN Equity,ONEOK Inc,41937827340.66,2455921000.0,Energy
AEP,No,33805.0,40.14845606,29.0,-1028.0,-1.22090261,0.0,940.0,1.11638955,0.0,False,AEP UW Equity,American Electric Power Co Inc,41909571179.4,2256200000.0,Utilities
CEG,Yes,4211.0,13.24213836,9.0,-58.0,-0.18238994,0.0,88.0,0.27672956,0.0,True,CEG UW Equity,Constellation Energy Corp,41890101673.43999,1693000000.0,Utilities
BK,Yes,268865.0,215.092,90.0,-1915.0,-1.532,0.0,1389.0,1.1112,0.0,False,BK UN Equity,Bank of New York Mellon Corp/T,41877821600.0,3383000000.0,Financial Services
LEN,No,54762.0,43.7047087,32.0,-1318.0,-1.0518755,0.0,2135.0,1.70391061,0.0,False,LEN UN Equity,Lennar Corp,41846943853.28001,3938511000.0,Consumer Cyclical
WMB,Yes,46396.0,38.98823529,30.0,-712.0,-0.59831933,0.0,817.0,0.68655462,0.0,False,WMB UN Equity,Williams Cos Inc/The,41755270000.00001,3179000000.0,Energy
LVS,No,64402.0,51.35725678,34.0,-2583.0,-2.05980861,0.0,1919.0,1.53030303,0.0,False,LVS UN Equity,Las Vegas Sands Corp,41637583897.00001,1221000000.0,Consumer Cyclical
AMP,Yes,42941.0,35.99413244,27.0,-799.0,-0.66974015,0.0,1071.0,0.8977368,0.0,False,AMP UN Equity,Ameriprise Financial Inc,40255845177.6,2556000000.0,Financial Services
FAST,No,27042.0,22.20197044,14.0,-754.0,-0.61904762,0.0,1268.0,1.0410509,0.0,False,FAST UW Equity,Fastenal Co,40200776965.75999,1155000000.0,Industrials
LHX,Yes,35148.0,32.42435424,25.0,-602.0,-0.55535055,0.0,729.0,0.67250923,0.0,False,LHX UN Equity,L3Harris Technologies Inc,40178741983.02,1227000000.0,Industrials
AME,No,23250.0,21.40883978,12.0,-630.0,-0.5801105,0.0,915.0,0.84254144,0.0,False,AME UN Equity,AMETEK Inc,40133578465.73,1313188000.0,Industrials
KMB,Yes,52371.0,43.17477329,31.0,-999.0,-0.82357791,0.0,1249.0,1.02967848,0.0,False,KMB UN Equity,Kimberly-Clark Corp,39849913491.42001,1764000000.0,Consumer Defensive
SYY,Yes,38491.0,31.78447564,20.0,-726.0,-0.59950454,0.0,904.0,0.7464905,0.0,False,SYY UN Equity,Sysco Corp,39577464966.0,2081974000.0,Consumer Defensive
A,Yes,34843.0,32.20240296,22.0,-1120.0,-1.03512015,0.0,1130.0,1.04436229,0.0,False,A UN Equity,Agilent Technologies Inc,39513474091.88,1240000000.0,Healthcare
GEHC,Yes,2816.0,14.59067358,8.0,-69.0,-0.35751295,0.0,147.0,0.76165803,0.0,False,GEHC UW Equity,GE HealthCare Technologies Inc,39169828838.57999,1568000000.0,Healthcare
HSY,Yes,46127.0,37.50162602,27.5,-818.0,-0.66504065,0.0,1464.0,1.1902439,0.0,False,HSY UN Equity,Hershey Co/The,39091872853.44,1861787000.0,Consumer Defensive
DOW,Yes,57409.0,47.01801802,40.0,-845.0,-0.69205569,0.0,779.0,0.63800164,0.0,False,DOW UN Equity,Dow Inc,38963239662.84,589000000.0,Basic Materials
JCI,Yes,35459.0,30.594478,23.0,-640.0,-0.55220017,0.0,736.0,0.6350302,0.0,False,JCI UN Equity,Johnson Controls International,38748784835.56,2105000000.0,Industrials
PRU,Yes,54595.0,46.74229452,37.0,-726.0,-0.62157534,0.0,675.0,0.57791096,0.0,False,PRU UN Equity,Prudential Financial Inc,38728080000.0,2488000000.0,Financial Services
CTVA,Yes,40454.0,35.23867596,27.0,-789.0,-0.68728223,0.0,907.0,0.79006969,0.0,False,CTVA UN Equity,Corteva Inc,38627424000.0,735000000.0,Basic Materials
NEM,No,71442.0,58.41537204,41.0,-1138.0,-0.93049877,0.0,1220.0,0.99754702,0.0,False,NEM UN Equity,Newmont Corp,38527823806.98,-813000000.0,Basic Materials
D,No,56483.0,48.81849611,39.0,-4490.0,-3.88072602,0.0,3020.0,2.61019879,0.0,False,D UN Equity,Dominion Energy Inc,38374405790.18,1717000000.0,Utilities
CTSH,Yes,33345.0,27.85714286,20.0,-1048.0,-0.87552214,0.0,924.0,0.77192982,0.0,False,CTSH UW Equity,Cognizant Technology Solutions,38333836464.0,2126000000.0,Technology
EA,Yes,110359.0,88.570626,66.0,-1559.0,-1.25120385,0.0,1879.0,1.50802568,0.0,True,EA UW Equity,Electronic Arts Inc,38038623591.08,1079000000.0,Communication Services
KMI,Yes,78685.0,63.30249397,53.0,-889.0,-0.71520515,0.0,960.0,0.77232502,0.0,False,KMI UN Equity,Kinder Morgan Inc,38031661993.63,2391000000.0,Energy
YUM,Yes,82157.0,67.56332237,47.0,-2092.0,-1.72039474,0.0,2339.0,1.92351974,0.0,False,YUM UN Equity,Yum! Brands Inc,37808550000.0,1597000000.0,Consumer Cyclical
CMI,Yes,57164.0,46.6644898,36.0,-1455.0,-1.1877551,0.0,1279.0,1.04408163,0.0,False,CMI UN Equity,Cummins Inc,37802012588.56,735000000.0,Industrials
FIS,No,48511.0,40.45954962,29.0,-1425.0,-1.18849041,0.0,1054.0,0.87906589,0.0,False,FIS UN Equity,Fidelity National Information,37711581203.65,-24270000000.0,Technology
OTIS,Yes,18326.0,23.16814159,16.0,-617.0,-0.78002528,0.0,835.0,1.05562579,0.0,False,OTIS UN Equity,Otis Worldwide Corp,36993680076.24,1406000000.0,Industrials
KVUE,Yes,4240.0,22.19895288,13.0,-411.0,-2.15183246,0.0,119.0,0.62303665,0.0,False,KVUE UN Equity,Kenvue Inc,36480656369.25,1664000000.0,Consumer Defensive
GIS,Yes,90295.0,72.35176282,56.0,-1100.0,-0.88141026,0.0,1886.0,1.51121795,0.0,True,GIS UN Equity,General Mills Inc,36401755409.99999,2437000000.0,Consumer Defensive
IR,Yes,26129.0,22.84003497,15.0,-824.0,-0.72027972,0.0,998.0,0.87237762,0.0,False,IR UN Equity,Ingersoll Rand Inc,36087491341.18,778700000.0,Industrials
VRSK,Yes,23762.0,22.08364312,14.0,-379.0,-0.35223048,0.0,574.0,0.53345725,0.0,False,VRSK UW Equity,Verisk Analytics Inc,35478210742.6,501700000.0,Industrials
MPWR,Yes,14266.0,19.30446549,11.0,-108.0,-0.14614344,0.0,278.0,0.37618403,0.0,True,MPWR UW Equity,Monolithic Power Systems Inc,35084454000.0,427374000.0,Technology
PCG,Yes,91036.0,76.62962963,53.5,-4989.0,-4.19949495,-1.0,586.0,0.49326599,0.0,False,PCG UN Equity,PG&E Corp,35053539413.83,1850000000.0,Utilities
IT,Yes,21758.0,18.80553155,13.0,-370.0,-0.31979257,0.0,597.0,0.51598963,0.0,False,IT UN Equity,Gartner Inc,34977172441.24,882466000.0,Technology
EXC,No,51541.0,47.11243144,37.0,-2566.0,-2.34552102,0.0,1866.0,1.70566728,0.0,False,EXC UW Equity,Exelon Corp,34710978020.17999,2144000000.0,Utilities
GPN,Yes,42959.0,36.59199319,24.5,-706.0,-0.60136286,0.0,989.0,0.84241908,0.0,False,GPN UN Equity,Global Payments Inc,34619005271.34,986233000.0,Industrials
KR,Yes,80561.0,64.29449322,49.0,-1280.0,-1.02154828,0.0,2225.0,1.77573823,0.0,True,KR UN Equity,Kroger Co/The,34273333015.08,1878000000.0,Consumer Defensive
VMC,Yes,32206.0,27.8357822,20.0,-541.0,-0.46758859,0.0,770.0,0.66551426,0.0,False,VMC UN Equity,Vulcan Materials Co,33902644693.05,933200000.0,Basic Materials
MRNA,Yes,592841.0,476.17751004,155.0,-5690.0,-4.57028112,-2.0,8709.0,6.99518072,2.0,True,MRNA UW Equity,Moderna Inc,33694066726.52,-3466000000.0,Healthcare
ON,Yes,35354.0,32.08166969,24.0,-582.0,-0.52813067,0.0,682.0,0.61887477,0.0,False,ON UW Equity,ON Semiconductor Corp,33605125193.28,2183700000.0,Technology
PPG,No,52255.0,43.15028902,32.0,-1188.0,-0.98100743,0.0,1387.0,1.14533443,0.0,False,PPG UN Equity,PPG Industries Inc,33384989510.15,1270000000.0,Basic Materials
MLM,Yes,28401.0,24.35763293,17.0,-386.0,-0.33104631,0.0,734.0,0.62950257,0.0,False,MLM UN Equity,Martin Marietta Materials Inc,33367832009.07,1168900000.0,Basic Materials
CSGP,Yes,20107.0,22.19315673,13.0,-231.0,-0.25496689,0.0,523.0,0.57726269,0.0,False,CSGP UW Equity,CoStar Group Inc,33240778155.2,402597000.0,Real Estate
XEL,No,50404.0,41.04560261,33.0,-2223.0,-1.81026059,0.0,1680.0,1.36807818,0.0,False,XEL UW Equity,Xcel Energy Inc,32595789963.33,1771000000.0,Utilities
CDW,Yes,10930.0,11.24485597,6.0,-377.0,-0.38786008,0.0,442.0,0.45473251,0.0,False,CDW UW Equity,CDW Corp/DE,32334014265.53,1104300000.0,Technology
ACGL,No,22807.0,24.39251337,18.0,-930.0,-0.99465241,0.0,864.0,0.92406417,0.0,False,ACGL UW Equity,Arch Capital Group Ltd,32144863000.0,4443000000.0,Financial Services
ROK,Yes,53914.0,45.07859532,35.0,-915.0,-0.76505017,0.0,1107.0,0.92558528,0.0,False,ROK UN Equity,Rockwell Automation Inc,32053680393.84,1218600000.0,Industrials
NDAQ,Yes,167893.0,136.49837398,110.0,-791.0,-0.64308943,0.0,1422.0,1.15609756,0.0,False,NDAQ UW Equity,Nasdaq Inc,31975376469.4,1059000000.0,Financial Services
FANG,No,50029.0,40.97379197,30.0,-814.0,-0.66666667,0.0,1246.0,1.02047502,0.0,False,FANG UW Equity,Diamondback Energy Inc,31947192734.74,3190000000.0,Energy
FICO,No,23426.0,20.37043478,14.0,-406.0,-0.35304348,0.0,581.0,0.50521739,0.0,False,FICO UN Equity,Fair Isaac Corp,31861828197.42,452797000.0,Technology
BIIB,Yes,129837.0,103.62090982,65.0,-2941.0,-2.3471668,-1.0,3485.0,2.78132482,1.0,True,BIIB UW Equity,Biogen Inc,31845643625.84,1161100000.0,Healthcare
EFX,Yes,53297.0,44.2666113,31.0,-2868.0,-2.3820598,0.0,1079.0,0.8961794,0.0,True,EFX UN Equity,Equifax Inc,31799785550.07999,545300000.0,Industrials
LYB,Yes,36711.0,30.51620948,23.0,-610.0,-0.50706567,0.0,722.0,0.60016625,0.0,True,LYB UN Equity,LyondellBasell Industries NV,31654800000.0,2114000000.0,Basic Materials
HAL,No,59545.0,49.37396352,34.5,-1944.0,-1.6119403,0.0,1953.0,1.61940299,0.0,False,HAL UN Equity,Halliburton Co,31429487531.31,2638000000.0,Energy
DLTR,Yes,32189.0,28.68894831,17.0,-947.0,-0.84402852,0.0,1206.0,1.07486631,0.0,False,DLTR UW Equity,Dollar Tree Inc,31236299607.69,1163600000.0,Consumer Defensive
DG,Yes,52131.0,43.01237624,29.0,-2323.0,-1.91666667,0.0,1970.0,1.62541254,0.0,False,DG UN Equity,Dollar General Corp,31058861441.0,1918596000.0,Consumer Defensive
PWR,Yes,17871.0,16.2611465,10.0,-589.0,-0.53594177,0.0,812.0,0.7388535,0.0,False,PWR UN Equity,Quanta Services Inc,30719037141.6,696353000.0,Industrials
VICI,Yes,17971.0,22.05030675,13.0,-116.0,-0.14233129,0.0,231.0,0.28343558,0.0,False,VICI UN Equity,VICI Properties Inc,30549733060.65,2369824000.0,Real Estate
ED,No,44713.0,37.38545151,28.0,-630.0,-0.52675585,0.0,498.0,0.41638796,0.0,False,ED UN Equity,Consolidated Edison Inc,30118727442.2,2519000000.0,Utilities
EXR,No,20809.0,18.49688889,13.0,-663.0,-0.58933333,0.0,651.0,0.57866667,0.0,False,EXR UN Equity,Extra Space Storage Inc,29910601260.54,791324000.0,Real Estate
XYL,No,30664.0,26.52595156,19.5,-902.0,-0.78027682,0.0,918.0,0.79411765,0.0,False,XYL UN Equity,Xylem Inc/NY,29843018386.2,609000000.0,Industrials
PEG,No,31122.0,25.76324503,19.0,-570.0,-0.4718543,0.0,614.0,0.50827815,0.0,False,PEG UN Equity,Public Service Enterprise Grou,29841850038.24,2805000000.0,Utilities
RCL,Yes,61257.0,48.81035857,30.0,-2548.0,-2.03027888,-1.0,1494.0,1.19043825,0.0,False,RCL UN Equity,Royal Caribbean Cruises Ltd,29768292459.49,1697000000.0,Consumer Cyclical
FTV,Yes,27910.0,23.25833333,16.0,-415.0,-0.34583333,0.0,652.0,0.54333333,0.0,False,FTV UN Equity,Fortive Corp,29571024000.0,865800000.0,Technology
BKR,Yes,25984.0,45.58596491,32.5,-959.0,-1.68245614,-1.0,960.0,1.68421053,1.0,False,BKR UW Equity,Baker Hughes Co,29175692984.9,1943000000.0,Energy
ANSS,Yes,23995.0,20.79289428,13.0,-549.0,-0.47573657,0.0,789.0,0.68370884,0.0,False,ANSS UW Equity,ANSYS Inc,28669628854.35,483597000.0,Technology
WTW,Yes,12381.0,23.22889306,14.0,-511.0,-0.9587242,-1.0,381.0,0.71482176,0.0,False,WTW UW Equity,Willis Towers Watson PLC,28635143465.17,1055000000.0,Financial Services
ADM,Yes,42917.0,34.97718011,27.0,-1208.0,-0.98451508,0.0,977.0,0.79625102,0.0,False,ADM UN Equity,Archer-Daniels-Midland Co,28615904330.75,3937000000.0,Consumer Defensive
DD,Yes,64367.0,52.67348609,32.0,-825.0,-0.67512275,0.0,1109.0,0.90752864,0.0,True,DD UN Equity,DuPont de Nemours Inc,28583547040.8,423000000.0,Basic Materials
CBRE,Yes,34521.0,28.6957606,24.0,-434.0,-0.36076475,0.0,548.0,0.45552785,0.0,False,CBRE UN Equity,CBRE Group Inc,28385353557.13,986000000.0,Real Estate
HPQ,Yes,157774.0,126.42147436,102.0,-2288.0,-1.83333333,0.0,1761.0,1.41105769,0.0,False,HPQ UN Equity,HP Inc,28319991992.42,3263000000.0,Technology
DVN,No,53288.0,42.46055777,32.0,-1371.0,-1.09243028,0.0,1451.0,1.1561753,0.0,False,DVN UN Equity,Devon Energy Corp,27844822000.0,3796000000.0,Energy
HIG,No,33831.0,28.40554156,19.0,-567.0,-0.47607053,0.0,770.0,0.64651553,0.0,False,HIG UN Equity,Hartford Financial Services Gr,27778410000.0,2504000000.0,Financial Services
BF_B,Yes,21054.0,19.36890524,13.0,-682.0,-0.6274149,0.0,689.0,0.63385465,0.0,False,BF/B UN Equity,Brown-Forman Corp,27720356499.13,780000000.0,Consumer Defensive
DFS,Yes,44360.0,36.1237785,27.0,-1561.0,-1.27117264,0.0,930.0,0.75732899,0.0,False,DFS UN Equity,Discover Financial Services,27628903447.95,2940000000.0,Financial Services
GLW,Yes,58895.0,49.2021721,39.0,-797.0,-0.66583124,0.0,1134.0,0.94736842,0.0,False,GLW UN Equity,Corning Inc,27234365455.47,581000000.0,Technology
KEYS,Yes,25757.0,23.22542831,16.0,-609.0,-0.54914337,0.0,800.0,0.7213706,0.0,False,KEYS UN Equity,Keysight Technologies Inc,27170423432.88,1057000000.0,Technology
WST,Yes,8844.0,8.99694812,6.0,-335.0,-0.34079349,0.0,495.0,0.50356053,0.0,False,WST UN Equity,West Pharmaceutical Services I,26787960023.5,593400000.0,Healthcare
RMD,Yes,30428.0,26.34458874,19.0,-546.0,-0.47272727,0.0,815.0,0.70562771,0.0,False,RMD UN Equity,ResMed Inc,26543528451.3,890386000.0,Healthcare
TTWO,Yes,39523.0,33.21260504,21.0,-1268.0,-1.06554622,0.0,1164.0,0.97815126,0.0,False,TTWO UW Equity,Take-Two Interactive Software,26164543719.18,-1451500000.0,Communication Services
ZBH,No,33245.0,28.93385553,20.0,-713.0,-0.6205396,0.0,849.0,0.73890339,0.0,False,ZBH UN Equity,Zimmer Biomet Holdings Inc,26061984468.81,1024000000.0,Healthcare
ULTA,Yes,34010.0,27.7406199,18.0,-751.0,-0.61256117,0.0,1498.0,1.22185971,0.0,False,ULTA UW Equity,Ulta Beauty Inc,25839097580.53,1237387000.0,Consumer Cyclical
DAL,Yes,104236.0,83.25559105,54.0,-3455.0,-2.75958466,-1.0,2773.0,2.21485623,0.0,False,DAL UN Equity,Delta Air Lines Inc,25810152902.12,4609000000.0,Industrials
HWM,Yes,17354.0,21.66541823,14.0,-405.0,-0.50561798,0.0,700.0,0.87390762,0.0,True,HWM UN Equity,Howmet Aerospace Inc,25775275355.82,765000000.0,Industrials
TSCO,Yes,35268.0,29.61209068,21.0,-512.0,-0.42989085,0.0,1244.0,1.04450042,0.0,False,TSCO UW Equity,Tractor Supply Co,25567928103.96,1107226000.0,Consumer Cyclical
MTD,No,12439.0,12.56464646,8.0,-667.0,-0.67373737,0.0,678.0,0.68484848,0.0,False,MTD UN Equity,Mettler-Toledo International I,25504673465.2,788778000.0,Healthcare
EIX,Yes,24534.0,20.59949622,15.0,-607.0,-0.50965575,0.0,491.0,0.41225861,0.0,False,EIX UN Equity,Edison International,25434384531.36,1456000000.0,Utilities
CAH,Yes,40133.0,32.9769926,23.0,-1036.0,-0.85127362,0.0,904.0,0.74281019,0.0,False,CAH UN Equity,Cardinal Health Inc,25405702830.85,639000000.0,Healthcare
AVB,Yes,30272.0,24.97689769,18.0,-1462.0,-1.20627063,0.0,1441.0,1.18894389,0.0,False,AVB UN Equity,AvalonBay Communities Inc,25153716637.43999,928825000.0,Real Estate
RJF,Yes,25227.0,22.22643172,14.0,-525.0,-0.46255507,0.0,588.0,0.51806167,0.0,False,RJF UN Equity,Raymond James Financial Inc,24767681982.86,1728000000.0,Financial Services
WEC,No,23095.0,19.87521515,15.0,-1056.0,-0.90877797,0.0,963.0,0.82874355,0.0,False,WEC UN Equity,WEC Energy Group Inc,24625973835.16999,1332900000.0,Utilities
TROW,Yes,36061.0,31.00687876,23.0,-901.0,-0.77472055,0.0,868.0,0.74634566,0.0,False,TROW UW Equity,T Rowe Price Group Inc,24347256931.7,1788700000.0,Financial Services
WY,No,26126.0,22.27280477,16.0,-687.0,-0.58567775,0.0,870.0,0.74168798,0.0,False,WY UN Equity,Weyerhaeuser Co,24066897790.0,839000000.0,Real Estate
WBD,Yes,55184.0,116.17684211,77.0,-986.0,-2.07578947,0.0,397.0,0.83578947,0.0,False,WBD UW Equity,Warner Bros Discovery Inc,23971100221.54,-4827000000.0,Communication Services
AWK,Yes,22083.0,18.61973019,12.0,-375.0,-0.31618887,0.0,442.0,0.37268128,0.0,False,AWK UN Equity,American Water Works Co Inc,23919848402.4,944000000.0,Utilities
CHD,Yes,28196.0,24.49695917,17.0,-622.0,-0.54039965,0.0,917.0,0.79669852,0.0,False,CHD UN Equity,Church & Dwight Co Inc,23836509095.42,755600000.0,Consumer Defensive
WAB,Yes,15814.0,14.32427536,8.0,-399.0,-0.36141304,0.0,624.0,0.56521739,0.0,False,WAB UN Equity,Westinghouse Air Brake Technol,23771422564.2,815000000.0,Industrials
ALGN,No,28289.0,23.30230643,15.0,-947.0,-0.7800659,0.0,1123.0,0.92504119,0.0,False,ALGN UW Equity,Align Technology Inc,23648420729.78,445053000.0,Healthcare
NVR,Yes,21737.0,18.70654045,13.0,-423.0,-0.36402754,0.0,626.0,0.53872633,0.0,False,NVR UN Equity,NVR Inc,23547697325.55,1591611000.0,Consumer Cyclical
BRO,No,18497.0,18.44167498,12.0,-295.0,-0.29411765,0.0,626.0,0.62412762,0.0,False,BRO UN Equity,Brown & Brown Inc,23533574000.0,870500000.0,Financial Services
MOH,Yes,20547.0,19.77574591,14.0,-257.0,-0.24735322,0.0,416.0,0.40038499,0.0,True,MOH UN Equity,Molina Healthcare Inc,23460448000.0,1091000000.0,Healthcare
GRMN,Yes,35818.0,33.01198157,25.0,-338.0,-0.31152074,0.0,658.0,0.60645161,0.0,True,GRMN UN Equity,Garmin Ltd,23380657609.4,1040781000.0,Technology
BR,No,25768.0,24.10477081,16.0,-341.0,-0.31898971,0.0,550.0,0.51449953,0.0,False,BR UN Equity,Broadridge Financial Solutions,23309477584.48,683800000.0,Technology
FITB,Yes,36613.0,30.35903814,24.0,-872.0,-0.72305141,0.0,737.0,0.61111111,0.0,False,FITB UW Equity,Fifth Third Bancorp,23110571250.0,2349000000.0,Financial Services
MTB,Yes,54710.0,45.17753922,36.0,-866.0,-0.71511148,0.0,754.0,0.62262593,0.0,False,MTB UN Equity,M&T Bank Corp,22980068190.0,2741000000.0,Financial Services
STE,Yes,15476.0,14.06909091,7.0,-358.0,-0.32545455,0.0,508.0,0.46181818,0.0,False,STE UN Equity,STERIS PLC,22848769313.05,566841000.0,Healthcare
ILMN,Yes,47656.0,39.38512397,28.0,-1569.0,-1.29669421,0.0,823.0,0.68016529,0.0,True,ILMN UW Equity,Illumina Inc,22787849000.0,-1161000000.0,Healthcare
EQR,No,32979.0,26.81219512,20.0,-1400.0,-1.13821138,0.0,1349.0,1.09674797,0.0,False,EQR UN Equity,Equity Residential,22768863762.51,835438000.0,Real Estate
BLDR,Yes,15366.0,17.56114286,10.0,-131.0,-0.14971429,0.0,444.0,0.50742857,0.0,False,BLDR UN Equity,Builders FirstSource Inc,22669903777.25,1574375000.0,Industrials
DOV,No,31264.0,27.86452763,20.0,-1406.0,-1.25311943,0.0,1483.0,1.32174688,0.0,False,DOV UN Equity,Dover Corp,22587716338.2,1056828000.0,Industrials
EBAY,Yes,124194.0,98.95936255,77.0,-3593.0,-2.86294821,-1.0,3568.0,2.84302789,1.0,True,EBAY UW Equity,eBay Inc,22550550000.0,2715000000.0,Consumer Cyclical
SBAC,No,28465.0,26.13865932,18.0,-568.0,-0.52157943,0.0,666.0,0.61157025,0.0,False,SBAC UW Equity,SBA Communications Corp,22311038010.8,495565000.0,Real Estate
DTE,No,45951.0,37.2676399,27.0,-831.0,-0.67396594,0.0,799.0,0.64801298,0.0,False,DTE UN Equity,DTE Energy Co,22218568957.2,1397000000.0,Utilities
APTV,No,34995.0,30.37760417,18.0,-654.0,-0.56770833,0.0,890.0,0.77256944,0.0,False,APTV UN Equity,Aptiv PLC,22032685797.36,2938000000.0,Consumer Cyclical
STT,Yes,79684.0,63.95184591,51.0,-1037.0,-0.83226324,0.0,1388.0,1.11396469,0.0,False,STT UN Equity,State Street Corp,21887889461.79,1944000000.0,Financial Services
JBHT,Yes,25140.0,23.47338936,16.0,-610.0,-0.56956116,0.0,628.0,0.58636788,0.0,False,JBHT UW Equity,JB Hunt Transport Services Inc,21835331818.5,728287000.0,Industrials
TRGP,Yes,18213.0,21.94337349,15.0,-227.0,-0.27349398,0.0,288.0,0.34698795,0.0,False,TRGP UN Equity,Targa Resources Corp,21632680889.22,1345900000.0,Energy
PHM,Yes,39360.0,32.6097763,23.0,-709.0,-0.58740679,0.0,1255.0,1.03976802,0.0,False,PHM UN Equity,PulteGroup Inc,21518808559.75,2602372000.0,Consumer Cyclical
FE,Yes,47228.0,37.81265012,28.0,-1966.0,-1.57405925,0.0,556.0,0.44515612,0.0,False,FE UN Equity,FirstEnergy Corp,21478343381.5,1102000000.0,Utilities
LYV,Yes,27464.0,22.58552632,15.0,-1347.0,-1.10773026,0.0,686.0,0.56414474,0.0,False,LYV UN Equity,Live Nation Entertainment Inc,21477839820.0,570974000.0,Communication Services
PTC,Yes,21040.0,25.10739857,17.0,-142.0,-0.16945107,0.0,374.0,0.44630072,0.0,True,PTC UW Equity,PTC Inc,21303043046.95,236892000.0,Technology
VLTO,No,216.0,8.30769231,4.0,-17.0,-0.65384615,0.0,8.0,0.30769231,0.0,False,VLTO UN Equity,Veralto Corp,21212576000.0,839000000.0,Industrials
WRB,Yes,18098.0,16.96157451,9.0,-403.0,-0.37769447,0.0,495.0,0.46391753,0.0,False,WRB UN Equity,W R Berkley Corp,21193182450.0,1381359000.0,Financial Services
ETR,Yes,50313.0,41.8577371,31.0,-676.0,-0.56239601,0.0,507.0,0.421797,0.0,False,ETR UN Equity,Entergy Corp,21177277138.2,1471679000.0,Utilities
BAX,Yes,41171.0,34.05376344,25.0,-1507.0,-1.2464847,0.0,1061.0,0.87758478,0.0,True,BAX UN Equity,Baxter International Inc,20932646953.14,2656000000.0,Healthcare
ARE,Yes,21591.0,19.32945389,11.0,-801.0,-0.71709937,0.0,721.0,0.64547896,0.0,False,ARE UN Equity,Alexandria Real Estate Equitie,20870213933.52,103639000.0,Real Estate
IFF,Yes,32971.0,28.01274427,19.0,-788.0,-0.66949873,0.0,628.0,0.5335599,0.0,False,IFF UN Equity,International Flavors & Fragra,20726112889.46,18000000.0,Basic Materials
ES,Yes,16064.0,15.01308411,11.0,-395.0,-0.36915888,0.0,287.0,0.2682243,0.0,True,ES UN Equity,Eversource Energy,20550681929.05,-442240000.0,Utilities
TDY,Yes,12521.0,18.01582734,10.0,-82.0,-0.11798561,0.0,392.0,0.56402878,0.0,False,TDY UN Equity,Teledyne Technologies Inc,20396057125.22,885700000.0,Technology
LUV,No,159990.0,127.48207171,89.0,-7911.0,-6.30358566,-2.0,2411.0,1.92111554,0.0,False,LUV UN Equity,Southwest Airlines Co,20244827265.39,465000000.0,Industrials
AXON,Yes,11990.0,14.22301305,8.0,-178.0,-0.21115065,0.0,356.0,0.4223013,0.0,False,AXON UW Equity,Axon Enterprise Inc,20217147603.8,146131000.0,Industrials
INVH,Yes,20259.0,19.66893204,13.0,-261.0,-0.25339806,0.0,285.0,0.27669903,0.0,False,INVH UN Equity,Invitation Homes Inc,20011034415.3,519470000.0,Real Estate
STLD,Yes,32565.0,27.83333333,20.0,-471.0,-0.4025641,0.0,698.0,0.5965812,0.0,False,STLD UW Equity,Steel Dynamics Inc,19958443409.8,2450882000.0,Basic Materials
GPC,Yes,18399.0,16.36921708,10.0,-800.0,-0.71174377,0.0,1014.0,0.90213523,0.0,False,GPC UN Equity,Genuine Parts Co,19948321458.03,1316524000.0,Consumer Cyclical
ROL,Yes,13409.0,12.47348837,7.0,-488.0,-0.45395349,0.0,518.0,0.48186047,0.0,False,ROL UN Equity,Rollins Inc,19863483929.7,434957000.0,Consumer Cyclical
IRM,Yes,19715.0,17.54003559,12.0,-315.0,-0.28024911,0.0,476.0,0.42348754,0.0,False,IRM UN Equity,Iron Mountain Inc,19849450832.64,278189000.0,Real Estate
CBOE,Yes,30925.0,26.40905209,19.0,-723.0,-0.61742101,0.0,1045.0,0.89239966,0.0,False,CBOE UF Equity,Cboe Global Markets Inc,19711021623.09,761400000.0,Financial Services
PPL,Yes,27471.0,22.85440932,17.0,-502.0,-0.41763727,0.0,450.0,0.37437604,0.0,False,PPL UN Equity,PPL Corp,19636993722.96,740000000.0,Utilities
FLT,Yes,21700.0,19.42703671,12.0,-676.0,-0.60519248,0.0,796.0,0.7126231,0.0,False,FLT UN Equity,FleetCor Technologies Inc,19612084975.74,981890000.0,Technology
VRSN,Yes,16447.0,15.25695733,10.0,-355.0,-0.32931354,0.0,567.0,0.52597403,0.0,False,VRSN UW Equity,VeriSign Inc,19598816000.0,817600000.0,Technology
BALL,Yes,45696.0,45.51394422,29.0,-337.0,-0.33565737,0.0,478.0,0.47609562,0.0,False,BALL UN Equity,Ball Corp,19577137813.1,707000000.0,Consumer Cyclical
HPE,Yes,83799.0,68.24022801,54.0,-1420.0,-1.15635179,0.0,1532.0,1.247557,0.0,False,HPE UN Equity,Hewlett Packard Enterprise Co,19406365601.5,2025000000.0,Technology
DRI,Yes,45832.0,37.08090615,25.0,-904.0,-0.73139159,0.0,1549.0,1.25323625,0.0,False,DRI UN Equity,Darden Restaurants Inc,19399480679.98,1008300000.0,Consumer Cyclical
HUBB,Yes,12653.0,17.6965035,11.0,-57.0,-0.07972028,0.0,270.0,0.37762238,0.0,False,HUBB UN Equity,Hubbell Inc,19245641969.28,759800000.0,Industrials
WAT,Yes,18191.0,17.86935167,11.0,-466.0,-0.45776031,0.0,509.0,0.5,0.0,False,WAT UN Equity,Waters Corp,19228684190.17,642234000.0,Healthcare
PFG,No,30223.0,25.98710232,19.0,-841.0,-0.72312984,0.0,985.0,0.84694755,0.0,False,PFG UW Equity,Principal Financial Group Inc,19082505524.52,623200000.0,Financial Services
K,Yes,54646.0,45.34937759,34.0,-893.0,-0.74107884,0.0,1384.0,1.14854772,0.0,True,K UN Equity,Kellanova,18999570144.21,951000000.0,Consumer Defensive
WBA,Yes,70404.0,56.09880478,37.0,-2843.0,-2.26533865,0.0,2301.0,1.83346614,0.0,False,WBA UW Equity,Walgreens Boots Alliance Inc,18955014083.46,574000000.0,Healthcare
TSN,Yes,64000.0,52.03252033,30.0,-3114.0,-2.53170732,-1.0,1793.0,1.45772358,0.0,False,TSN UN Equity,Tyson Foods Inc,18929223183.36,-857000000.0,Consumer Defensive
CLX,Yes,41859.0,33.54086538,22.0,-1340.0,-1.07371795,0.0,1368.0,1.09615385,0.0,False,CLX UN Equity,Clorox Co/The,18746261599.65,80000000.0,Consumer Defensive
HBAN,Yes,38727.0,32.5163728,25.0,-531.0,-0.44584383,0.0,603.0,0.50629723,0.0,False,HBAN UW Equity,Huntington Bancshares Inc/OH,18640211256.81,1951000000.0,Financial Services
TYL,Yes,16728.0,17.13934426,10.0,-187.0,-0.19159836,0.0,488.0,0.5,0.0,False,TYL UN Equity,Tyler Technologies Inc,18575923542.28,165919000.0,Technology
CTRA,Yes,35982.0,29.96003331,22.0,-652.0,-0.54288093,0.0,561.0,0.46711074,0.0,False,CTRA UN Equity,Coterra Energy Inc,18564090909.2,2241000000.0,Energy
CCL,No,112024.0,89.26215139,57.0,-4902.0,-3.9059761,-2.0,2411.0,1.92111554,1.0,False,CCL UN Equity,Carnival Corp,18547416186.97702,-74000000.0,Consumer Cyclical
J,Yes,14186.0,16.45707657,11.0,-368.0,-0.42691415,0.0,498.0,0.57772622,0.0,False,J UN Equity,Jacobs Solutions Inc,18538545146.58,701740000.0,Industrials
COO,Yes,647.0,12.44230769,7.0,-7.0,-0.13461538,0.0,11.0,0.21153846,0.0,False,COO UW Equity,Cooper Cos Inc/The,18483421012.8,294200000.0,Healthcare
EXPE,Yes,47323.0,38.50528885,27.0,-1426.0,-1.16029292,0.0,1385.0,1.12693247,0.0,False,EXPE UW Equity,Expedia Group Inc,18433014079.75,797000000.0,Consumer Cyclical
LH,Yes,50200.0,41.72901081,27.0,-670.0,-0.55694098,0.0,854.0,0.70989194,0.0,False,LH UN Equity,Laboratory Corp of America Hol,18392736000.0,418000000.0,Healthcare
STX,Yes,39944.0,32.42207792,23.0,-1701.0,-1.38068182,0.0,1269.0,1.03003247,0.0,False,STX UW Equity,Seagate Technology Holdings PL,18336379002.08,-728000000.0,Technology
AEE,Yes,25650.0,21.48241206,15.0,-454.0,-0.38023451,0.0,439.0,0.36767169,0.0,False,AEE UN Equity,Ameren Corp,18277310286.48,1157000000.0,Utilities
EXPD,No,16845.0,15.18935978,11.0,-1019.0,-0.91884581,0.0,872.0,0.78629396,0.0,False,EXPD UN Equity,Expeditors International of Wa,18051544303.36,813440000.0,Industrials
EPAM,Yes,12827.0,20.26382306,10.0,-197.0,-0.31121643,0.0,329.0,0.51974724,0.0,False,EPAM UN Equity,EPAM Systems Inc,18028388260.0,417083000.0,Technology
ENPH,Yes,35260.0,28.99671053,20.0,-806.0,-0.66282895,0.0,1042.0,0.85690789,0.0,True,ENPH UQ Equity,Enphase Energy Inc,17902584033.93,438936000.0,Technology
MKC,Yes,27748.0,23.92068966,14.0,-706.0,-0.60862069,0.0,1071.0,0.92327586,0.0,False,MKC UN Equity,McCormick & Co Inc/MD,17732970978.5,680600000.0,Consumer Defensive
JBL,Yes,17874.0,21.63922518,12.0,-136.0,-0.16464891,0.0,631.0,0.76392252,0.0,False,JBL UN Equity,Jabil Inc,17665067123.5,789000000.0,Technology
NTAP,No,37664.0,32.95188101,22.0,-1324.0,-1.15835521,0.0,1549.0,1.3552056,0.0,False,NTAP UW Equity,NetApp Inc,17658921038.37,692000000.0,Technology
VTR,Yes,28628.0,24.6580534,18.0,-1128.0,-0.97157623,0.0,996.0,0.85788114,0.0,False,VTR UN Equity,Ventas Inc,17611718697.04,-40973000.0,Real Estate
WDC,Yes,48931.0,40.70798669,30.0,-1838.0,-1.52911814,0.0,1636.0,1.36106489,0.0,False,WDC UW Equity,Western Digital Corp,17596426230.0,-2259000000.0,Technology
CINF,Yes,17494.0,15.56405694,9.0,-562.0,-0.5,0.0,438.0,0.38967972,0.0,False,CINF UW Equity,Cincinnati Financial Corp,17551697559.2,1843000000.0,Financial Services
CNP,No,27985.0,24.16666667,17.0,-672.0,-0.58031088,0.0,566.0,0.48877375,0.0,False,CNP UN Equity,CenterPoint Energy Inc,17548575479.28,859000000.0,Utilities
FDS,Yes,130029.0,145.60918253,18.0,-128.0,-0.14333707,0.0,370.0,0.41433371,0.0,False,FDS UN Equity,FactSet Research Systems Inc,17459561986.96,479930000.0,Financial Services
OMC,Yes,29802.0,25.60309278,17.0,-860.0,-0.73883162,0.0,941.0,0.80841924,0.0,False,OMC UN Equity,Omnicom Group Inc,17326342664.67,1391400000.0,Communication Services
HOLX,Yes,31633.0,26.07831822,17.0,-506.0,-0.41714757,0.0,863.0,0.71145919,0.0,False,HOLX UW Equity,Hologic Inc,17320838934.59,515100000.0,Healthcare
IEX,Yes,18163.0,17.00655431,11.0,-768.0,-0.71910112,0.0,937.0,0.87734082,0.0,False,IEX UN Equity,IDEX Corp,17202541356.33,596100000.0,Industrials
ATO,No,19740.0,19.39096267,12.0,-631.0,-0.61984283,0.0,638.0,0.62671906,0.0,False,ATO UN Equity,Atmos Energy Corp,17188184840.55,925294000.0,Utilities
RF,Yes,44057.0,36.50124275,31.0,-701.0,-0.58077879,0.0,771.0,0.63877382,0.0,False,RF UN Equity,Regions Financial Corp,17187600054.24,2074000000.0,Financial Services
AVY,Yes,18346.0,16.64791289,10.0,-511.0,-0.46370236,0.0,668.0,0.6061706,0.0,False,AVY UN Equity,Avery Dennison Corp,16817346784.74,503000000.0,Consumer Cyclical
LDOS,Yes,28216.0,23.97281223,17.0,-790.0,-0.67119796,0.0,705.0,0.59898046,0.0,False,LDOS UN Equity,Leidos Holdings Inc,16813550842.83,199000000.0,Technology
FSLR,Yes,34340.0,28.28665568,20.0,-842.0,-0.69357496,0.0,773.0,0.63673806,0.0,True,FSLR UW Equity,First Solar Inc,16771870178.7,473990000.0,Technology
CMS,Yes,30172.0,26.37412587,19.0,-427.0,-0.37325175,0.0,465.0,0.40646853,0.0,False,CMS UN Equity,CMS Energy Corp,16709299482.09,887000000.0,Utilities
SWKS,Yes,33415.0,27.84583333,18.0,-861.0,-0.7175,0.0,1129.0,0.94083333,0.0,False,SWKS UW Equity,Skyworks Solutions Inc,16623436191.25,904700000.0,Technology
TXT,Yes,30838.0,26.97987752,20.0,-669.0,-0.58530184,0.0,755.0,0.66054243,0.0,False,TXT UN Equity,Textron Inc,16525657631.89,921000000.0,Industrials
L,Yes,18209.0,16.56869882,10.0,-421.0,-0.38307552,0.0,452.0,0.41128298,0.0,False,L UN Equity,Loews Corp,16518432673.26,1434000000.0,Financial Services
AKAM,No,31167.0,27.10173913,18.0,-695.0,-0.60434783,0.0,1111.0,0.96608696,0.0,False,AKAM UW Equity,Akamai Technologies Inc,16469298909.92,547629000.0,Technology
CE,Yes,29953.0,24.75454545,16.0,-575.0,-0.47520661,0.0,820.0,0.67768595,0.0,False,CE UN Equity,Celanese Corp,16443661527.02,2029000000.0,Basic Materials
NTRS,Yes,47224.0,39.55108878,30.0,-701.0,-0.58710218,0.0,625.0,0.52345059,0.0,False,NTRS UW Equity,Northern Trust Corp,16399823700.0,1107300000.0,Financial Services
SYF,Yes,38860.0,31.36400323,22.0,-698.0,-0.56335755,0.0,829.0,0.66908797,0.0,False,SYF UN Equity,Synchrony Financial,16094732895.12,2238000000.0,Financial Services
MAS,Yes,33900.0,29.12371134,20.0,-871.0,-0.74828179,0.0,970.0,0.83333333,0.0,False,MAS UN Equity,Masco Corp,16078002644.6,908000000.0,Industrials
EG,Yes,16502.0,15.5386064,10.0,-412.0,-0.38794727,0.0,436.0,0.41054614,0.0,False,EG UN Equity,Everest Group Ltd,15965558000.0,2517000000.0,Financial Services
BBY,Yes,62259.0,50.49391727,33.0,-1715.0,-1.39091646,0.0,2202.0,1.78588808,0.0,False,BBY UN Equity,Best Buy Co Inc,15885452787.5,1276000000.0,Consumer Cyclical
HRL,Yes,26500.0,23.10374891,15.0,-977.0,-0.85178727,0.0,1054.0,0.91891892,0.0,False,HRL UN Equity,Hormel Foods Corp,15852893223.44,793572000.0,Consumer Defensive
VTRS,Yes,44898.0,41.11538462,26.0,-1046.0,-0.95787546,0.0,834.0,0.76373626,0.0,False,VTRS UW Equity,Viatris Inc,15667703260.0,1831500000.0,Healthcare
TER,Yes,24640.0,22.37965486,14.0,-344.0,-0.31244323,0.0,732.0,0.66485014,0.0,False,TER UW Equity,Teradyne Inc,15630321150.72,448752000.0,Technology
EQT,Yes,38747.0,33.4891962,24.0,-604.0,-0.52203976,0.0,357.0,0.30855661,0.0,False,EQT UN Equity,EQT Corp,15282816900.0,1735232000.0,Energy
NWS,Yes,109241.0,87.32294165,55.0,-1543.0,-1.23341327,0.0,925.0,0.73940847,0.0,False,NWS UW Equity,News Corp,15209747614.76,228000000.0,Communication Services
ESS,Yes,22628.0,19.64236111,14.0,-570.0,-0.49479167,0.0,479.0,0.41579861,0.0,False,ESS UN Equity,Essex Property Trust Inc,15106824262.48,405825000.0,Real Estate
MAA,Yes,17560.0,15.6227758,12.0,-980.0,-0.87188612,0.0,850.0,0.75622776,0.0,False,MAA UN Equity,Mid-America Apartment Communit,15072524504.17,552806000.0,Real Estate
NDSN,No,12622.0,14.34318182,8.0,-281.0,-0.31931818,0.0,499.0,0.56704545,0.0,False,NDSN UW Equity,Nordson Corp,15056221985.82,487493000.0,Industrials
PKG,Yes,23999.0,20.42468085,16.0,-895.0,-0.76170213,0.0,862.0,0.73361702,0.0,False,PKG UN Equity,Packaging Corp of America,15055089410.06,765200000.0,Consumer Cyclical
TRMB,Yes,16259.0,18.77482679,12.0,-147.0,-0.16974596,0.0,271.0,0.31293303,0.0,False,TRMB UW Equity,Trimble Inc,14998196493.85,311300000.0,Technology
POOL,Yes,9186.0,10.48630137,6.0,-95.0,-0.10844749,0.0,366.0,0.41780822,0.0,False,POOL UW Equity,Pool Corp,14980442153.7,543655000.0,Industrials
CF,Yes,29566.0,25.37854077,19.0,-673.0,-0.5776824,0.0,792.0,0.67982833,0.0,False,CF UN Equity,CF Industries Holdings Inc,14845090127.7,1525000000.0,Basic Materials
BG,Yes,28992.0,25.27637315,17.0,-774.0,-0.67480384,0.0,858.0,0.74803836,0.0,False,BG UN Equity,Bunge Global SA,14799853992.96,2243000000.0,Consumer Defensive
DPZ,Yes,67776.0,54.00478088,39.0,-1874.0,-1.49322709,0.0,2723.0,2.16972112,1.0,True,DPZ UN Equity,Domino's Pizza Inc,14714542678.55,520128000.0,Consumer Cyclical
LW,Yes,18290.0,16.5520362,9.0,-479.0,-0.43348416,0.0,730.0,0.66063348,0.0,False,LW UN Equity,Lamb Weston Holdings Inc,14614827972.54,1123700000.0,Consumer Defensive
CFG,Yes,40428.0,34.58340462,27.0,-910.0,-0.77844311,0.0,958.0,0.81950385,0.0,False,CFG UN Equity,Citizens Financial Group Inc,14478362177.88,1608000000.0,Financial Services
ALB,Yes,45345.0,38.69027304,27.0,-868.0,-0.74061433,0.0,1210.0,1.03242321,0.0,False,ALB UN Equity,Albemarle Corp,14392427517.91,1573476000.0,Basic Materials
BEN,Yes,90708.0,73.1516129,56.0,-1152.0,-0.92903226,0.0,872.0,0.70322581,0.0,False,BEN UN Equity,Franklin Resources Inc,14359234560.21,968500000.0,Financial Services
ZBRA,Yes,18956.0,16.38375108,10.0,-526.0,-0.45462403,0.0,693.0,0.59896283,0.0,False,ZBRA UW Equity,Zebra Technologies Corp,14153522923.14,296000000.0,Technology
SNA,Yes,13369.0,12.20913242,7.0,-516.0,-0.47123288,0.0,599.0,0.54703196,0.0,False,SNA UN Equity,Snap-on Inc,14087166964.08,1011100000.0,Industrials
HST,Yes,15280.0,20.02621232,14.0,-341.0,-0.44692005,0.0,388.0,0.508519,0.0,False,HST UW Equity,Host Hotels & Resorts Inc,13910488000.0,755000000.0,Real Estate
MGM,Yes,76244.0,60.75219124,42.0,-2899.0,-2.30996016,-1.0,1972.0,1.57131474,0.0,False,MGM UN Equity,MGM Resorts International,13891442998.14,1142180000.0,Consumer Cyclical
FOX,Yes,54023.0,43.08054226,25.0,-3832.0,-3.05582137,-1.0,1469.0,1.17145136,0.0,False,FOX UW Equity,Fox Corp,13868632949.35,837000000.0,Communication Services
UAL,Yes,121383.0,96.71952191,63.0,-5790.0,-4.61354582,-1.0,2950.0,2.35059761,0.0,False,UAL UW Equity,United Airlines Holdings Inc,13773430260.85,2618000000.0,Industrials
DGX,Yes,39693.0,32.96760797,18.0,-711.0,-0.59053156,0.0,926.0,0.76910299,0.0,False,DGX UN Equity,Quest Diagnostics Inc,13764000000.0,854000000.0,Healthcare
MRO,Yes,44610.0,35.688,27.0,-724.0,-0.5792,0.0,847.0,0.6776,0.0,False,MRO UN Equity,Marathon Oil Corp,13683083230.04,1682000000.0,Energy
GEN,No,46052.0,49.78594595,24.0,-540.0,-0.58378378,0.0,960.0,1.03783784,0.0,False,GEN UW Equity,Gen Digital Inc,13604396852.4,1397000000.0,Technology
SWK,Yes,50416.0,40.72374798,31.0,-1450.0,-1.17124394,0.0,1119.0,0.90387722,0.0,False,SWK UN Equity,Stanley Black & Decker Inc,13545063250.2,-310500000.0,Industrials
LKQ,Yes,16403.0,15.15988909,8.0,-515.0,-0.47597043,0.0,613.0,0.56654344,0.0,False,LKQ UW Equity,LKQ Corp,13390619882.76,953000000.0,Consumer Cyclical
PODD,Yes,21492.0,20.72516876,13.0,-380.0,-0.36644166,0.0,617.0,0.59498554,0.0,False,PODD UW Equity,Insulet Corp,13337773505.19,120000000.0,Healthcare
TAP,Yes,37494.0,31.93696763,21.0,-1061.0,-0.90374787,0.0,899.0,0.76575809,0.0,False,TAP UN Equity,Molson Coors Beverage Co,13259622500.0,948900000.0,Consumer Defensive
KIM,No,33428.0,27.13311688,17.0,-994.0,-0.80681818,0.0,929.0,0.75405844,0.0,False,KIM UN Equity,Kimco Realty Corp,13185899640.68,654273000.0,Real Estate
KEY,Yes,47511.0,40.36618522,33.0,-1138.0,-0.96686491,0.0,748.0,0.63551402,0.0,True,KEY UN Equity,KeyCorp,13177455480.0,967000000.0,Financial Services
SJM,Yes,28731.0,24.98347826,16.0,-723.0,-0.62869565,0.0,1002.0,0.87130435,0.0,True,SJM UN Equity,J M Smucker Co/The,13171385134.72,-13700000.0,Consumer Defensive
AMCR,Yes,20843.0,19.85047619,12.0,-470.0,-0.44761905,0.0,605.0,0.57619048,0.0,False,AMCR UN Equity,Amcor PLC,13065902636.48,644000000.0,Consumer Cyclical
INCY,Yes,56708.0,46.17915309,37.0,-613.0,-0.49918567,0.0,961.0,0.78257329,0.0,True,INCY UW Equity,Incyte Corp,13013534378.88,597599000.0,Healthcare
CAG,No,40824.0,35.4375,23.5,-1833.0,-1.59114583,0.0,1754.0,1.52256944,0.0,False,CAG UN Equity,Conagra Brands Inc,13006516811.88,985100000.0,Consumer Defensive
RVTY,Yes,24937.0,23.68186135,15.0,-410.0,-0.38936372,0.0,647.0,0.61443495,0.0,False,RVTY UN Equity,Revvity Inc,12644310728.48,693094000.0,Healthcare
CRL,Yes,15613.0,15.05593057,9.0,-818.0,-0.78881389,0.0,425.0,0.40983607,0.0,False,CRL UN Equity,Charles River Laboratories Int,12578639659.2,474624000.0,Healthcare
JKHY,Yes,14294.0,13.25974026,9.0,-352.0,-0.32653061,0.0,449.0,0.41651206,0.0,False,JKHY UW Equity,Jack Henry & Associates Inc,12568217101.44,372966000.0,Technology
IPG,Yes,23046.0,20.46714032,13.0,-638.0,-0.56660746,0.0,729.0,0.64742451,0.0,False,IPG UN Equity,Interpublic Group of Cos Inc/T,12428484050.95,1098400000.0,Communication Services
IP,No,27447.0,22.89157631,18.0,-567.0,-0.47289408,0.0,572.0,0.47706422,0.0,False,IP UN Equity,International Paper Co,12399466899.2,288000000.0,Consumer Cyclical
PNR,Yes,24380.0,21.59433127,14.0,-395.0,-0.34986714,0.0,723.0,0.64038973,0.0,False,PNR UN Equity,Pentair PLC,12384198008.28,622700000.0,Industrials
CPB,Yes,42970.0,35.33717105,24.0,-1021.0,-0.83963816,0.0,1277.0,1.05016447,0.0,True,CPB UN Equity,Campbell Soup Co,12356238160.75,795000000.0,Consumer Defensive
LNT,No,17833.0,16.390625,11.0,-394.0,-0.36213235,0.0,336.0,0.30882353,0.0,False,LNT UW Equity,Alliant Energy Corp,12218968098.2,703000000.0,Utilities
JNPR,Yes,42902.0,36.60580205,27.0,-848.0,-0.72354949,0.0,1084.0,0.92491468,0.0,True,JNPR UN Equity,Juniper Networks Inc,11884819952.72,310200000.0,Technology
WYNN,Yes,63222.0,50.37609562,33.0,-3166.0,-2.52270916,-1.0,1420.0,1.1314741,0.0,False,WYNN UW Equity,Wynn Resorts Ltd,11874012244.09,729994000.0,Consumer Cyclical
UDR,No,25513.0,22.10831889,16.0,-1348.0,-1.16811092,0.0,1201.0,1.0407279,0.0,False,UDR UN Equity,UDR Inc,11870843592.96,444353000.0,Real Estate
GL,Yes,16665.0,16.43491124,10.0,-375.0,-0.36982249,0.0,482.0,0.47534517,0.0,False,GL UN Equity,Globe Life Inc,11814725432.2,970755000.0,Financial Services
TFX,No,26355.0,23.28180212,17.0,-563.0,-0.49734982,0.0,653.0,0.57685512,0.0,False,TFX UN Equity,Teleflex Inc,11798448150.48,403812000.0,Healthcare
AOS,Yes,12636.0,11.93201133,7.0,-518.0,-0.4891407,0.0,431.0,0.40698772,0.0,False,AOS UN Equity,A O Smith Corp,11788855158.55,556600000.0,Industrials
NRG,No,30260.0,26.47419073,19.0,-511.0,-0.44706912,0.0,651.0,0.56955381,0.0,False,NRG UN Equity,NRG Energy Inc,11717174228.4,-1779000000.0,Utilities
ALLE,Yes,22337.0,21.45725264,13.0,-437.0,-0.41978866,0.0,543.0,0.52161383,0.0,False,ALLE UN Equity,Allegion plc,11624829489.72,557100000.0,Industrials
REG,No,18966.0,16.46354167,11.0,-952.0,-0.82638889,0.0,729.0,0.6328125,0.0,False,REG UW Equity,Regency Centers Corp,11567200667.25,364557000.0,Real Estate
RL,Yes,83906.0,67.50281577,52.0,-1460.0,-1.17457763,0.0,1754.0,1.41110217,0.0,True,RL UN Equity,Ralph Lauren Corp,11560936802.6,587900000.0,Consumer Cyclical
EVRG,Yes,1395.0,10.73076923,7.0,-18.0,-0.13846154,0.0,16.0,0.12307692,0.0,False,EVRG UW Equity,Evergy Inc,11486044194.02,680800000.0,Utilities
DAY,No,19226.0,19.09235353,9.0,-256.0,-0.25422046,0.0,426.0,0.42303873,0.0,False,DAY UN Equity,Dayforce Inc,11450538000.0,54800000.0,Technology
KMX,Yes,27694.0,24.81541219,15.0,-1299.0,-1.16397849,0.0,1325.0,1.18727599,0.0,False,KMX UN Equity,CarMax Inc,11351376502.92,497948000.0,Consumer Cyclical
HII,Yes,16467.0,24.35946746,18.0,-94.0,-0.13905325,0.0,201.0,0.29733728,0.0,False,HII UN Equity,Huntington Ingalls Industries,11286908956.83,681000000.0,Industrials
TECH,Yes,8795.0,14.56125828,9.0,-76.0,-0.12582781,0.0,137.0,0.22682119,0.0,True,TECH UW Equity,Bio-Techne Corp,11256496562.85,224160000.0,Healthcare
WRK,Yes,27514.0,23.00501672,17.0,-761.0,-0.63628763,0.0,838.0,0.7006689,0.0,False,WRK UN Equity,Westrock Co,11232015812.01,-1716700000.0,Consumer Cyclical
AES,Yes,41646.0,36.27700348,27.0,-471.0,-0.41027875,0.0,489.0,0.42595819,0.0,False,AES UN Equity,AES Corp/The,11229678916.95,-560000000.0,Utilities
UHS,Yes,24697.0,20.24344262,15.0,-759.0,-0.62213115,0.0,657.0,0.53852459,0.0,False,UHS UN Equity,Universal Health Services Inc,11068831440.64,676237000.0,Healthcare
PAYC,Yes,19514.0,16.99825784,11.0,-745.0,-0.6489547,0.0,694.0,0.60452962,0.0,False,PAYC UN Equity,Paycom Software Inc,10981965208.34,340788000.0,Technology
QRVO,Yes,35490.0,29.72361809,19.0,-746.0,-0.62479062,0.0,1063.0,0.89028476,0.0,False,QRVO UW Equity,Qorvo Inc,10829840533.86,-211473000.0,Technology
FFIV,Yes,27322.0,23.01769166,13.0,-576.0,-0.48525695,0.0,1073.0,0.90395956,0.0,False,FFIV UW Equity,F5 Inc,10723316405.2,460928000.0,Technology
DVA,Yes,24148.0,20.34372367,13.0,-587.0,-0.49452401,0.0,606.0,0.51053075,0.0,True,DVA UN Equity,DaVita Inc,10718694000.0,691535000.0,Healthcare
NI,No,23279.0,24.02373581,17.0,-502.0,-0.51805986,0.0,395.0,0.40763674,0.0,False,NI UN Equity,NiSource Inc,10707459921.9,721400000.0,Utilities
BXP,Yes,24333.0,21.59094942,15.0,-886.0,-0.78615794,0.0,746.0,0.66193434,0.0,False,BXP UN Equity,Boston Properties Inc,10571536733.76,190215000.0,Real Estate
TPR,Yes,28064.0,23.0221493,13.0,-842.0,-0.69073011,0.0,1250.0,1.02543068,0.0,False,TPR UN Equity,Tapestry Inc,10530200130.14,928100000.0,Consumer Cyclical
CTLT,Yes,21792.0,21.38567223,11.0,-682.0,-0.66928361,0.0,664.0,0.65161923,0.0,False,CTLT UN Equity,Catalent Inc,10508088424.5,-1302000000.0,Healthcare
CPT,Yes,15481.0,20.36973684,14.0,-106.0,-0.13947368,0.0,141.0,0.18552632,0.0,False,CPT UN Equity,Camden Property Trust,10267119168.96,403309000.0,Real Estate
BBWI,Yes,54241.0,45.38995816,24.0,-1996.0,-1.67029289,0.0,1633.0,1.3665272,0.0,False,BBWI UN Equity,Bath & Body Works Inc,10257702876.8,733000000.0,Consumer Cyclical
MTCH,Yes,29987.0,34.99066511,25.0,-977.0,-1.14002334,0.0,694.0,0.80980163,0.0,True,MTCH UW Equity,Match Group Inc,10217396728.35,651539000.0,Communication Services
EMN,Yes,30387.0,25.9274744,18.0,-837.0,-0.71416382,0.0,864.0,0.73720137,0.0,False,EMN UN Equity,Eastman Chemical Co,9996514999.59,894000000.0,Basic Materials
MOS,Yes,42522.0,33.90909091,25.0,-755.0,-0.60207337,0.0,772.0,0.61562998,0.0,False,MOS UN Equity,Mosaic Co/The,9984823150.25,1322800000.0,Basic Materials
HSIC,Yes,19356.0,17.48509485,11.0,-656.0,-0.59259259,0.0,699.0,0.63143631,0.0,False,HSIC UW Equity,Henry Schein Inc,9878724384.8,445000000.0,Healthcare
BIO,Yes,12091.0,16.40569878,13.0,-116.0,-0.15739484,0.0,220.0,0.29850746,0.0,True,BIO UN Equity,Bio-Rad Laboratories Inc,9774236399.419998,-637324000.0,Healthcare
APA,Yes,47508.0,50.5942492,32.0,-685.0,-0.72949947,0.0,619.0,0.65921193,0.0,False,APA UW Equity,APA Corp,9683132120.97,1525000000.0,Energy
AAL,No,200917.0,160.09322709,119.0,-6648.0,-5.29721116,-2.0,3251.0,2.59043825,1.0,False,AAL UW Equity,American Airlines Group Inc,9567833652.000002,822000000.0,Industrials
PEAK,No,0.0,,,0.0,,,0.0,,,False,PEAK UN Equity,Healthpeak Properties Inc,9389488388.28,306009000.0,Real Estate
CZR,Yes,40612.0,32.85760518,23.0,-1011.0,-0.81796117,0.0,824.0,0.66666667,0.0,False,CZR UW Equity,Caesars Entertainment Inc,9169861261.86,710000000.0,Consumer Cyclical
ETSY,Yes,32652.0,28.31916739,19.0,-451.0,-0.39115351,0.0,765.0,0.66348656,0.0,False,ETSY UW Equity,Etsy Inc,9168970668.779999,333850000.0,Consumer Cyclical
AIZ,Yes,17119.0,15.82162662,9.0,-1064.0,-0.98336414,0.0,1045.0,0.96580407,0.0,False,AIZ UN Equity,Assurant Inc,9029554578.48,642500000.0,Financial Services
RHI,Yes,15482.0,14.77290076,9.0,-420.0,-0.40076336,0.0,470.0,0.44847328,0.0,False,RHI UN Equity,Robert Half Inc,8560548162.200001,411146000.0,Industrials
CHRW,No,21985.0,19.01816609,13.0,-537.0,-0.46453287,0.0,469.0,0.40570934,0.0,False,CHRW UW Equity,CH Robinson Worldwide Inc,8445357410.000001,325129000.0,Industrials
FRT,No,16272.0,14.36187114,11.0,-829.0,-0.73168579,0.0,644.0,0.56840247,0.0,False,FRT UN Equity,Federal Realty Investment Trus,8312294220.12,236985000.0,Real Estate
MKTX,Yes,34640.0,28.86666667,20.0,-609.0,-0.5075,0.0,836.0,0.69666667,0.0,True,MKTX UW Equity,MarketAxess Holdings Inc,8302809329.919999,258055000.0,Financial Services
PARA,Yes,84843.0,79.29252336,52.0,-2210.0,-2.06542056,-1.0,1638.0,1.53084112,0.0,False,PARA UW Equity,Paramount Global,8212915629.750001,-1101000000.0,Communication Services
PNW,Yes,21459.0,18.20101781,13.0,-470.0,-0.39864292,0.0,419.0,0.35538592,0.0,False,PNW UN Equity,Pinnacle West Capital Corp,7696164827.76,477588000.0,Utilities
MHK,Yes,25478.0,22.25152838,16.0,-744.0,-0.64978166,0.0,619.0,0.54061135,0.0,False,MHK UN Equity,Mohawk Industries Inc,7350194445.52,-439516000.0,Consumer Cyclical
XRAY,Yes,22704.0,20.54660633,11.0,-1018.0,-0.92126697,0.0,655.0,0.59276018,0.0,False,XRAY UW Equity,DENTSPLY SIRONA Inc,7114271929.78,-214000000.0,Healthcare
GNRC,Yes,21908.0,22.06243706,14.0,-728.0,-0.73313192,0.0,624.0,0.62839879,0.0,False,GNRC UN Equity,Generac Holdings Inc,7052956140.96,214606000.0,Industrials
HAS,Yes,38798.0,32.54865772,18.0,-1644.0,-1.37919463,0.0,1516.0,1.27181208,0.0,False,HAS UW Equity,Hasbro Inc,7046443333.880001,-1489300000.0,Consumer Cyclical
BWA,Yes,30278.0,26.01202749,17.0,-603.0,-0.51804124,0.0,794.0,0.68213058,0.0,False,BWA UN Equity,BorgWarner Inc,7033567422.33,625000000.0,Consumer Cyclical
IVZ,Yes,63510.0,52.44426094,43.0,-792.0,-0.65400495,0.0,1027.0,0.84805945,0.0,False,IVZ UN Equity,Invesco Ltd,6940280000.0,-96900000.0,Financial Services
NCLH,Yes,39571.0,31.58100559,17.0,-1583.0,-1.26336792,0.0,917.0,0.73184358,0.0,False,NCLH UN Equity,Norwegian Cruise Line Holdings,6917409426.84,-209817000.0,Consumer Cyclical
CMA,Yes,44949.0,37.08663366,28.0,-1213.0,-1.00082508,0.0,822.0,0.67821782,0.0,False,CMA UN Equity,Comerica Inc,6638477356.080001,881000000.0,Financial Services
FMC,Yes,28664.0,25.80018002,18.0,-1111.0,-1.0,0.0,704.0,0.63366337,0.0,False,FMC UN Equity,FMC Corp,6529880145.58,1321500000.0,Basic Materials
VFC,No,42506.0,34.84098361,25.0,-1788.0,-1.46557377,0.0,1384.0,1.13442623,0.0,False,VFC UN Equity,VF Corp,6473785667.4,-765466000.0,Consumer Cyclical
ZION,Yes,27574.0,26.71899225,20.0,-535.0,-0.51841085,0.0,444.0,0.43023256,0.0,False,ZION UW Equity,Zions Bancorp NA,6020937919.999999,680000000.0,Financial Services
WHR,Yes,50313.0,40.54230459,30.0,-888.0,-0.71555197,0.0,916.0,0.73811442,0.0,False,WHR UN Equity,Whirlpool Corp,5910268648.96,481000000.0,Consumer Cyclical
