"","Mu","Sigma","Skew","Shape","Shape(GIG)","Realized"
"2019-06-18",0.00192646458619193,0.0143222916102482,0,0,0,0.0172385896402666
"2019-06-19",0.00214566875750376,0.014369076647251,0,0,0,0.00391361031177235
"2019-06-20",0.00218613698719199,0.0140806870828576,0,0,0,0.00924302355122568
"2019-06-21",0.00315223203277806,0.0119105819473487,0,0,0,0.00014602803764275
"2019-06-24",0.00379242683703441,0.00739847230773111,0,0,0,0.00589628641831995
"2019-06-25",0.00443693634669237,NA,0,0,0,-0.0320812144107204
"2019-06-26",0.00183223110744285,0.0146760126462712,0,0,0,0.00374027964470137
"2019-06-27",0.00185893968425841,0.0144453222252288,0,0,0,0.00164130147260244
"2019-06-28",0.00185734356047423,0.0142279364250702,0,0,0,-0.00141732894562926
"2019-07-01",0.00184913077703062,0.0137730758271815,0,0,0,0.0127579241175892
"2019-07-02",0.00196449827047213,0.0138859163585159,0,0,0,0.0066113514893503
"2019-07-03",0.00264298139828837,0.0118028661868245,0,0,0,0.00642244216051601
"2019-07-05",0.00247395854297883,0.0118040032103738,0,0,0,-0.00291417953578156
"2019-07-08",0.00254478399070412,0.0111181631218859,0,0,0,-0.000729873764245602
"2019-07-09",0.00266550245742297,0.0105034138988621,0,0,0,-0.00365738100615438
"2019-07-10",0.00207870390085055,0.0116870975466351,0,0,0,0.010134606082528
"2019-07-11",0.00214859180798156,0.0116626501748163,0,0,0,0.0039819057137635
"2019-07-12",0.00270856980453045,0.00889175440323242,0,0,0,0.0036062065767289
"2019-07-15",0.00316560120959859,NA,0,0,0,0
"2019-07-16",0.00280004968072451,0.00492695201651535,0,0,0,-0.01318955275389
"2019-07-17",0.00240823918586897,0.00940812706257962,0,0,0,-0.00592648524467866
"2019-07-18",0.00202502465868825,0.009540688494414,0,0,0,0.00110015046484362
"2019-07-19",0.00187364858622316,0.00939562191975723,0,0,0,0.00146498707713005
"2019-07-22",0.00181753976027712,0.0101226113187386,0,0,0,0.0131614333959404
"2019-07-23",0.00198499104079779,0.0104336622715054,0,0,0,0.0061933080002964
"2019-07-24",0.00208817464815804,0.010920887909325,0,0,0,0.0102140097293627
"2019-07-25",0.0021585382909262,0.0102115840431933,0,0,0,-0.00377345504885819
"2019-07-26",0.0020945759063565,0.0104931120718781,0,0,0,0.00816968988226377
"2019-07-29",0.00214650458301178,0.01021125638625,0,0,0,-0.0021957015585594
"2019-07-30",0.00160408118409853,0.0105173499036632,0,0,0,-0.00483333089625741
"2019-07-31",0.00151671993458944,0.0105032498195685,0,0,0,-0.0295010910461619
"2019-08-01",0.00195819124860704,0.015068946956869,0,0,0,0.0130501615136
"2019-08-02",0.00180474164609447,0.0139167060211991,0,0,0,-0.00843764098092629
"2019-08-05",0.00174657825523563,0.0137841113159564,0,0,0,-0.0348591647723978
"2019-08-06",0.00171332707593357,0.0155905920478417,0,0,0,0.018584274088718
"2019-08-07",0.001902083517789,0.0156574545236053,0,0,0,0.00437086297960147
"2019-08-08",0.00191302003137505,0.014895435708706,0,0,0,0.0263355483378026
"2019-08-09",0.00207119714168817,0.0150372394885309,0,0,0,-0.00853222818909295
"2019-08-12",0.00194792965536987,0.0146948062756505,0,0,0,-0.0140404500283313
"2019-08-13",0.00187679109385468,0.0146124133761619,0,0,0,0.0204825120450995
"2019-08-14",0.00201533945481184,0.0144200223364385,0,0,0,-0.0339015516756813
"2019-08-15",0.00194673296861391,0.015361841895765,0,0,0,-0.00224165079298315
"2019-08-16",0.00205268422829855,0.0146012985851393,0,0,0,0.0181614272372433
"2019-08-19",0.00220239706069542,0.0148341942104968,0,0,0,0.0166099833842288
"2019-08-20",0.00302944918312053,0.0138999858866394,0,0,0,-0.00834335742812205
"2019-08-21",0.00225341872569361,0.0136396847424089,0,0,0,0.0110850618872598
"2019-08-22",0.00191798780709755,0.0131023696414997,0,0,0,-0.0073037892026986
"2019-08-23",0.00194448384911796,0.0128019360069817,0,0,0,-0.0323810420120972
"2019-08-26",0.00124333892746286,0.0143965235926477,0,0,0,0.0153254003781514
"2019-08-27",0.00196638890422321,0.0139213698951785,0,0,0,0.00213872274450827
"2019-08-28",0.00205432890939259,0.0122786302384716,0,0,0,-0.00132694453676173
"2019-08-29",0.00205325015199537,0.0116419940990467,0,0,0,0.0187085257829409
"2019-08-30",0.00340935495670505,0.0119041163762061,0,0,0,-0.00188419506428579
"2019-09-03",0.00208811229846569,0.0116923568029469,0,0,0,-0.0132897173185112
"2019-09-04",0.00202811748012016,0.011705717015016,0,0,0,0.0116199648524464
"2019-09-05",0.00202754514891595,0.0112795347078775,0,0,0,0.0174305767146764
"2019-09-06",0.00266207700301369,0.0108722719267467,0,0,0,-0.00680640277672046
"2019-09-09",0.00169338530387766,0.0107366843349943,0,0,0,-0.0114237378548033
"2019-09-10",0.00181990289543749,0.0113758358869931,0,0,0,-0.0105264129869875
"2019-09-11",0.00173383339877955,0.0104043599623812,0,0,0,0.000293901545098647
"2019-09-12",0.00175488967253438,0.0094589838301212,0,0,0,0.0102325114418889
"2019-09-13",0.00215139155660044,0.00855462501414782,0,0,0,-0.00145539248510261
"2019-09-16",0.00193908681531237,0.00836743084224735,0,0,0,-0.00723555139145283
"2019-09-17",0.00172559657434716,0.00765588508861035,0,0,0,0.00774517973781835
"2019-09-18",0.00186351575423789,0.00692750839683975,0,0,0,0.00819112259836453
"2019-09-19",0.00195019925729272,0.00612263460623126,0,0,0,0.0182415015521897
"2019-09-20",0.00199631493813935,0.0127280598794926,0,0,0,-0.0116218198746454
"2019-09-23",0.00194597143675013,0.0157462855304211,0,0,0,-0.0021537807162703
"2019-09-24",0.00195406379539625,0.0155801664155888,0,0,0,-0.0127298117097597
"2019-09-25",0.00166263322383219,0.0150566073212377,0,0,0,0.0143097043184571
"2019-09-26",0.00187494486147956,0.0154480147924316,0,0,0,0.00129078540689761
"2019-09-27",0.00176758808180514,0.0150703353337726,0,0,0,-0.0130560515818501
"2019-09-30",0.00163657985514056,0.0145156324382429,0,0,0,0.00939449025221165
"2019-10-01",0.00174586373683385,0.0143954661094363,0,0,0,-0.0141979929381622
"2019-10-02",0.00172680104650139,0.0149915664117261,0,0,0,-0.0178129249856818
"2019-10-03",0.00184434545334149,0.0152236213806495,0,0,0,0.0120327735351579
"2019-10-04",0.00172670040010451,0.014608573456152,0,0,0,0.0134112797290257
"2019-10-07",0.00148651636258252,0.0137462201593544,0,0,0,-0.0072664176723219
"2019-10-08",0.00176143570365075,0.0144284078019506,0,0,0,-0.0106309883522526
"2019-10-09",0.00156236221557597,0.0142159313128005,0,0,0,0.0187658385585284
"2019-10-10",0.00177830622696122,0.0145015896029695,0,0,0,0.00620179387365158
"2019-10-11",0.00176848356574061,0.0146978077689461,0,0,0,0.00416099316189488
"2019-10-14",0.00184917945424028,0.0146675391397445,0,0,0,-0.000931132108960894
"2019-10-15",0.00153231437797194,0.0139485204379539,0,0,0,0.0144066520175374
"2019-10-16",0.0017814853800871,0.0147098206865941,0,0,0,-0.00826289787331778
"2019-10-17",0.00186407220880749,0.0143776158239969,0,0,0,-0.00514103238709128
"2019-10-18",0.00164584930778132,0.0151188690047531,0,0,0,-0.0164565243957765
"2019-10-21",0.00170503875352304,0.0159258274731408,0,0,0,0.00739562535596077
"2019-10-22",0.00166086509613298,0.0157006921235618,0,0,0,-0.014993002829901
"2019-10-23",0.00138552299173853,0.0149458850113554,0,0,0,0.00635943812050647
"2019-10-24",0.00154369052179457,0.0154383687525154,0,0,0,0.0194825413275015
"2019-10-25",0.00150695110203329,0.0179627013784182,0,0,0,0.00562940169072564
"2019-10-28",0.001525015169945,0.0194224312777521,0,0,0,0.0242887133100793
"2019-10-29",0.00176308399165673,0.0207302007970538,0,0,0,-0.00947676244401834
"2019-10-30",0.00160923730390649,0.0214089210309802,0,0,0,0.0123853517521636
"2019-10-31",0.0018110112247263,0.0212994567578101,0,0,0,-0.00861176236852434
"2019-11-01",0.00148549848991983,0.0194721070538436,0,0,0,0.00243826098714137
"2019-11-04",0.00150334104206529,0.0203393502938262,0,0,0,0.00575850621703728
"2019-11-05",0.00168738837609196,0.0195901002409146,0,0,0,-0.000622815839654296
"2019-11-06",0.0014040915153793,0.0182008293515958,0,0,0,-0.00277277316148394
"2019-11-07",0.00137025009237098,0.0176586209352257,0,0,0,0.00138734761430954
"2019-11-08",0.00118546019174777,0.0167839567021473,0,0,0,0.0117153844927204
"2019-11-11",0.00143731089216497,0.0176372053956957,0,0,0,0.00102715111574627
"2019-11-12",0.00127658798251751,0.0106973499243985,0,0,0,0.00654890122822906
"2019-11-13",0.0013212264466885,0.0103405008304879,0,0,0,0.00163054591462477
"2019-11-14",0.00125376286105746,0.00987363182192439,0,0,0,0.0050783871881054
"2019-11-15",0.00135850797676195,0.0118242802673687,0,0,0,0.0128176770786364
"2019-11-18",0.00143243821567238,0.011670385889175,0,0,0,0.00246412165573426
"2019-11-19",0.00149540396268371,0.00892075561455033,0,0,0,0.000332524194198861
"2019-11-20",0.00148075054244164,0.00862901909926645,0,0,0,-0.00513317349926273
"2019-11-21",0.00141790924082083,0.00838567673488471,0,0,0,-0.000936141826975841
"2019-11-22",0.00128465823832632,0.00983912538179195,0,0,0,0.000735613769086549
"2019-11-25",0.00127973854083515,0.00960540424149969,0,0,0,0.0109036383762795
"2019-11-26",0.00135791197537469,0.0100399598412821,0,0,0,0.00527601303009545
"2019-11-27",0.00139245196491689,0.00982028889261084,0,0,0,0.0019057012503106
"2019-11-29",0.00140870696657987,0.00947094026377762,0,0,0,-0.00619033916203384
"2019-12-02",0.00135091726746487,0.00964387358525165,0,0,0,-0.0121624468050642
"2019-12-03",0.00124990663570318,0.0106148011428812,0,0,0,-0.00160610353738458
"2019-12-04",0.00122213761620858,0.0101858681162937,0,0,0,0.00361011222409957
"2019-12-06",0.00122744777252472,0.00981396020745613,0,0,0,0.0125996361769354
"2019-12-09",0.00131097809723697,0.0103613706178912,0,0,0,-0.00257332463603945
"2019-12-10",0.00129019350288749,0.0100128451892706,0,0,0,-0.00152071172153901
"2019-12-11",0.00127077602187534,0.0096763423001405,0,0,0,0.00376449277245716
"2019-12-12",0.00128505505392575,0.00937116804803287,0,0,0,0.0101004334779617
"2019-12-13",0.00135111895628522,0.00962566215482915,0,0,0,0.00838293241315521
"2019-12-16",0.00140376772396135,0.00961827822559413,0,0,0,0.00645038681086528
"2019-12-17",0.0014480476598114,0.00942261059373887,0,0,0,-0.00541552480789518
"2019-12-18",0.00140564082349681,0.00942757103273107,0,0,0,-0.00207079605482356
"2019-12-20",0.00138530995865884,0.00916099117476692,0,0,0,0.0195015481729801
"2019-12-23",0.00151226950174901,0.0110820849924042,0,0,0,0
"2019-12-24",0.00151783361139728,0.0104896751272324,0,0,0,-0.000190603259892783
"2019-12-26",0.00151942829002823,0.0100111899286061,0,0,0,0.00816331063916084
"2019-12-27",0.0015639520793929,0.00988142200755814,0,0,0,0.00182602449756341
"2019-12-30",0.00157723381032528,0.00948581872146964,0,0,0,-0.00865587460958161
"2019-12-31",0.00150761466010903,0.0098416048417219,0,0,0,0.000697770335012758
"2020-01-02",0.00150329948966946,0.00945166464096091,0,0,0,0.0183468327913235
"2020-01-03",0.00161292747204841,0.0108556231760682,0,0,0,-0.0125299221051426
"2020-01-06",0.00153487188906711,0.0114298607453365,0,0,0,0.00258145901265075
"2020-01-07",0.00154029324730682,0.0107964803407323,0,0,0,-0.00915959785028228
"2020-01-08",0.00148487094396985,0.0109193842355404,0,0,0,0.0158028912724609
"2020-01-09",0.00156019230039336,0.0114538062386558,0,0,0,0.012415579434081
"2020-01-10",0.00160794225502529,0.0114438081513584,0,0,0,-0.00463779701525579
"2020-01-13",0.00158658773481959,0.0110305212287757,0,0,0,0.011952578992761
"2020-01-14",0.00163543529889511,0.011046960716446,0,0,0,-0.00706803593961167
"2020-01-15",0.00159827964249847,0.0109027774573319,0,0,0,0.00645540343867642
"2020-01-16",0.00162259281078048,0.0105091328280644,0,0,0,0.018157474712468
"2020-01-17",0.00170074514988581,0.0114615933594431,0,0,0,0.00558107488822576
"2020-01-21",0.00172719738319923,0.0109303805462341,0,0,0,-0.00359712618084948
"2020-01-22",0.00171006436362536,0.0105680910448601,0,0,0,-0.00481638498798131
"2020-01-23",0.0016825636249191,0.0103399293568771,0,0,0,0.00613683413248496
"2020-01-24",0.00170708371027848,0.0100186387483809,0,0,0,-0.0101278898020057
"2020-01-27",0.0016415917923089,0.0104136553370675,0,0,0,-0.0168646304247498
"2020-01-28",0.00155491889586513,0.0117030808652017,0,0,0,0.0194062354237903
"2020-01-29",0.00163708687904892,0.0125968972740524,0,0,0,0.0154725725391443
"2020-01-30",0.00168409015063945,0.0126923029876637,0,0,0,0.0278170626295569
"2020-01-31",0.00175081162793817,0.0150719407404264,0,0,0,-0.0148686451042591
"2020-02-03",0.00170885057740309,0.0150560235224064,0,0,0,0.0240863621731898
"2020-02-04",0.00175692708693157,0.0160416496383649,0,0,0,0.0323864694337021
"2020-02-05",0.0017935481375455,0.0188681409936726,0,0,0,-0.00122215447688347
"2020-02-06",0.00180314752903446,0.0167886100046609,0,0,0,0.0205217225746007
"2020-02-07",0.00183560700963267,0.0167339348218526,0,0,0,0.00141488922167362
"2020-02-10",0.00184759024517878,0.0150621598476894,0,0,0,0.0258206996217428
"2020-02-11",0.0018884141794109,0.0164688874302371,0,0,0,-0.0228342450359997
"2020-02-12",0.00182280181774542,0.0177002774328096,0,0,0,0.00146282025272378
"2020-02-13",0.00182754558081119,0.0159303349977096,0,0,0,-0.00542860027038275
"2020-02-14",0.00181182039823383,0.0146650297602346,0,0,0,0.0088875022758955
"2020-02-18",0.00182753533343373,0.013609277423044,0,0,0,0.0100918780173201
"2020-02-19",0.00185041461531279,0.0128316084138964,0,0,0,0.000267015568594078
"2020-02-20",0.00184701503339838,0.0117759325583332,0,0,0,-0.0153890580716602
"2020-02-21",0.00178415105890576,0.0128227506000686,0,0,0,-0.0321230892775866
"2020-02-24",0.00172000074607379,0.0173460396646209,0,0,0,-0.0440726011745911
"2020-02-25",0.00170236461872933,0.024821046705181,0,0,0,-0.0166395153703423
"2020-02-26",0.00168087703253649,0.0230128119668584,0,0,0,0.0124173780948701
"2020-02-27",0.00168041402451409,0.020769200967714,0,0,0,-0.073064312292074
"2020-02-28",0.00172451814842565,0.0387130329803812,0,0,0,0.0239244366310556
"2020-03-02",0.00172638913649786,0.035068645014673,0,0,0,0.0644189226027035
"2020-03-03",0.00176392492669247,0.0423704977378606,0,0,0,-0.0491056256937013
"2020-03-04",0.00174828847753388,0.0438538309228529,0,0,0,0.0360571502333259
"2020-03-05",0.00175628014986646,0.0412071571892421,0,0,0,-0.0254155358123667
"2020-03-06",0.00174722946220611,0.037867587230818,0,0,0,-0.028674487763549
"2020-03-09",0.00173459989775149,0.0357130357884226,0,0,0,-0.0701783766155335
"2020-03-10",0.00172286458706067,0.046018045901371,0,0,0,0.0661472384083817
"2020-03-11",0.00174432947970859,0.050373117672904,0,0,0,-0.0463602329390187
"2020-03-12",0.00173372546462061,0.0492894842911703,0,0,0,-0.0996416194716968
"2020-03-13",0.00172289621066368,0.065559338950953,0,0,0,0.132928953176192
"2020-03-16",0.00175138453700559,0.0881398868950541,0,0,0,-0.159453387789565
"2020-03-17",0.001740933060081,0.114858725718798,0,0,0,0.0791220699817099
"2020-03-18",0.00174356912344197,0.104598707925184,0,0,0,-0.0430076384474984
"2020-03-19",0.0017402849793517,0.0906815531186771,0,0,0,0.016319107520589
"2020-03-20",0.00173961823133328,0.0761012572269166,0,0,0,-0.038282186571017
"2020-03-23",0.00173501569408871,0.0664917412249979,0,0,0,-0.0100245964429694
"2020-03-24",0.00173177653791333,0.0544556297165048,0,0,0,0.0869991202100986
"2020-03-25",0.00174926359580579,0.0653883525180353,0,0,0,-0.00961871535694553
"2020-03-26",0.00174930713881732,0.054678846426098,0,0,0,0.0606726660171089
"2020-03-27",0.00175996711887738,0.0553486772200896,0,0,0,-0.0419275955429928
"2020-03-30",0.00175386179424122,0.051534842275304,0,0,0,0.0679769915942059
"2020-03-31",0.00176694861031479,0.0556860514758427,0,0,0,-0.0158523795203221
"2020-04-01",0.00176688532172041,0.0473060638165835,0,0,0,-0.0361539601758148
"2020-04-02",0.00175889864047856,0.0441803340772935,0,0,0,0.0204971876538826
"2020-04-03",0.00176360904996726,0.0378816334590896,0,0,0,-0.00925303440987437
"2020-04-06",0.0017613620526537,0.0316242123836921,0,0,0,0.0717324035850752
"2020-04-07",0.00179082880024674,0.0463038955362794,0,0,0,-0.0108286737654138
"2020-04-08",0.00179151579541994,0.0397034439226648,0,0,0,0.00998121608757572
"2020-04-09",0.00179765196664378,0.0337791166509838,0,0,0,6.05565143855248e-05
"2020-04-13",0.00180198187638319,0.0283794370660049,0,0,0,0.00223801696316655
"2020-04-14",0.00180813890335888,0.0236465405077871,0,0,0,0.0482980572946102
"2020-04-15",0.00183196425525067,0.0318984407747872,0,0,0,-0.0105331143402648
"2020-04-16",0.00183236583169956,0.0279348717370686,0,0,0,0.0295791368359999
"2020-04-17",0.00185107786172078,0.0277269578195786,0,0,0,0.00877297269960449
"2020-04-20",0.00186444888373621,0.0239444464402345,0,0,0,-0.0200198961381067
"2020-04-21",0.00184635061114502,0.0233413914426221,0,0,0,-0.0422367958623687
"2020-04-22",0.00179851021093522,0.0300749737005418,0,0,0,0.0334008900766957
"2020-04-23",0.00181744490061823,0.0303273807854319,0,0,0,-0.0121761810478824
"2020-04-24",0.00180959175349791,0.0269517956675979,0,0,0,0.0180945480803086
"2020-04-27",0.00182005519279148,0.0245717628213067,0,0,0,-0.00286861929359708
"2020-04-28",0.00181782763353692,0.0212837049696318,0,0,0,-0.0246624492992382
"2020-04-29",0.0017874318856716,0.0227163227456614,0,0,0,0.0438959999772784
"2020-04-30",0.00184370334985936,0.0288613908709799,0,0,0,0.00998213761980918
"2020-05-01",0.00185171651363264,0.0251765105649716,0,0,0,-0.0262324952186091
"2020-05-04",0.00182770786457259,0.0258752094125973,0,0,0,0.0241657440290916
"2020-05-05",0.00184444955516741,0.0249638991360112,0,0,0,0.0106786331772991
"2020-05-06",0.00185446495032161,0.0220229709704265,0,0,0,0.00979914254565222
"2020-05-07",0.00186753367457538,0.0194922839246729,0,0,0,0.00579015109765894
"2020-05-08",0.00188051399525685,0.0170427033415267,0,0,0,0.00586511945239806
"2020-05-11",0.00189688113649522,0.0149759838566698,0,0,0,0.0110926774169917
"2020-05-12",0.00192536805104631,0.0139160877289441,0,0,0,-0.0229123090138507
"2020-05-13",0.00183167589598094,0.01754166367685,0,0,0,-0.0152379694407732
"2020-05-14",0.00180350439847941,0.0175283224777375,0,0,0,0.00432997234741058
"2020-05-15",0.00179847426693793,0.0154349248697086,0,0,0,0.014463118840328
"2020-05-18",0.00182256239562441,0.0149997365802272,0,0,0,0.00950913242999999
"2020-05-19",0.00184005187087571,0.0138138349309244,0,0,0,-0.00694635668780661
"2020-05-20",0.00182022806261747,0.0130477018655444,0,0,0,0.0109941804406983
"2020-05-21",0.00184569999872087,0.0125249218388327,0,0,0,-0.012083920645527
"2020-05-22",0.00180113606714674,0.0131773674167763,0,0,0,0.000436038596323635
"2020-05-26",0.00179111320439476,0.0118221557470841,0,0,0,-0.0106279076400076
"2020-05-27",0.00174867086583619,0.0123011937476401,0,0,0,0.0013209314486058
"2020-05-28",0.0017330660275465,0.0110922607672339,0,0,0,-0.00225764805014517
"2020-05-29",0.00170571676356604,0.0102919298080909,0,0,0,0.0101468030857246
"2020-06-01",0.00173838947274573,0.0103438397759233,0,0,0,-0.00229458142634724
"2020-06-02",0.00171825835031363,0.00971038110854288,0,0,0,0.0113124608784812
"2020-06-03",0.00176541365727241,0.0101679854695617,0,0,0,0.00243065990522613
"2020-06-04",0.00177344421731239,0.00936839906540496,0,0,0,-0.0132509813342664
"2020-06-05",0.00168811680154626,0.0114321247621623,0,0,0,0.0231286652536372
"2020-06-08",0.00178828788512067,0.0148115031090301,0,0,0,0.00617746133186236
"2020-06-09",0.00180345355515416,0.0132647389891775,0,0,0,0.00761586080047357
"2020-06-10",0.00182524918241361,0.0121947487905051,0,0,0,0.03642032982195
"2020-06-11",0.00185568613406695,0.020344081498804,0,0,0,-0.0551939819528663
"2020-06-12",0.00171058065213394,0.0349567720305902,0,0,0,0.00786079286393464
"2020-06-15",0.00170980880870056,0.0295416200910916,0,0,0,0.00637147743214238
"2020-06-16",0.00171035584098359,0.0251483290084643,0,0,0,0.0242096998164661
"2020-06-17",0.00172670166136673,0.0244043928829637,0,0,0,0.00345530371367923
"2020-06-18",0.0017319778247147,0.0208521189481464,0,0,0,0.0106514730914678
"2020-06-19",0.00174506569864319,0.0184744102100474,0,0,0,-0.00597748733597732
"2020-06-22",0.00174049497230052,0.0164193719610485,0,0,0,0.0273948193713313
"2020-06-23",0.00177949532757076,0.0194962140620983,0,0,0,0.00665874056432739
"2020-06-24",0.00179422199941484,0.0170112441684151,0,0,0,-0.020363430349122
"2020-06-25",0.00175190302154754,0.018660014582591,0,0,0,0.0125572999704573
"2020-06-26",0.00176513484473901,0.0170768466746894,0,0,0,-0.0202190062729605
"2020-06-29",0.00172884030702248,0.018632218198401,0,0,0,0.0106898705221905
"2020-06-30",0.00173614554636178,0.0167817695665428,0,0,0,0.0252283562916088
"2020-07-01",0.00177527663970818,0.0189111529934708,0,0,0,0.00583034894278675
"2020-07-02",0.00178688699435683,0.0165123508187788,0,0,0,0.0075920162206791
"2020-07-06",0.00180347313554157,0.0147268329274612,0,0,0,0.0212978119222203
"2020-07-07",0.00183662268291242,0.0163139303568574,0,0,0,-0.0116960397631912
"2020-07-08",0.00181796787079011,0.0158449803600439,0,0,0,0.0217544439277604
"2020-07-09",0.00185127521585129,0.0171726999840132,0,0,0,0.00697650026164092
"2020-07-10",0.00186843573359961,0.0152023274305806,0,0,0,-0.00303745648145647
"2020-07-13",0.00186923126862674,0.0136191297780126,0,0,0,-0.0313758684029634
"2020-07-14",0.00175538124611426,0.0206336351872792,0,0,0,0.00616245751652897
"2020-07-15",0.00175388885932582,0.0180090148553306,0,0,0,-0.00148898896359076
"2020-07-16",0.00174483804037305,0.0158273161212964,0,0,0,-0.0200026088370117
"2020-07-17",0.00171107005953291,0.0176538263722729,0,0,0,-0.00511308881899883
"2020-07-20",0.00169150922114737,0.0158223292726575,0,0,0,0.0420830287352833
"2020-07-21",0.00183373917673239,0.0245572022008333,0,0,0,-0.0135603362531794
"2020-07-22",0.00182417833985745,0.0225428774828343,0,0,0,0.0142689698011988
"2020-07-23",0.00183482068217393,0.0204985570045639,0,0,0,-0.0444689356280248
"2020-07-24",0.0017753136571284,0.0293967134260568,0,0,0,-0.00614106525839304
"2020-07-27",0.00176616926194643,0.0255496898756958,0,0,0,0.0125880966195165
"2020-07-28",0.00176844594294516,0.0227255144271251,0,0,0,-0.00901772686422425
"2020-07-29",0.00175636141590594,0.0204339157338459,0,0,0,0.010047365846121
"2020-07-30",0.00176036482546552,0.0182681626596563,0,0,0,-0.000784390666749614
"2020-07-31",0.00175425644319496,0.0160224742277187,0,0,0,0.00542908085607413
"2020-08-03",0.00175735230611376,0.0142068318193172,0,0,0,0.0547165294462685
"2020-08-04",0.00188596873939978,0.0285889993734073,0,0,0,-0.0151225458298212
"2020-08-05",0.0018802247110682,0.0263453674736159,0,0,0,-0.0016423061664708
"2020-08-06",0.00188084997016821,0.0232308463732442,0,0,0,0.0158870307844337
"2020-08-07",0.001894212054292,0.0215555469030297,0,0,0,-0.0180496003828248
"2020-08-10",0.00187525884476253,0.0212796256114878,0,0,0,-0.0201085852411169
"2020-08-11",0.00185307336801793,0.0215106506012295,0,0,0,-0.0236631306839607
"2020-08-12",0.00183013673456301,0.0225318235466036,0,0,0,0.0281667795380376
"2020-08-13",0.00185689065230828,0.0234985843695554,0,0,0,-0.002345115817874
"2020-08-14",0.00185202468964975,0.0208468090879363,0,0,0,0.000957854479365178
"2020-08-17",0.00184879676792395,0.0184906894000577,0,0,0,0.0065843073887272
"2020-08-18",0.00185290506703238,0.0166123772967216,0,0,0,0.00573774009341128
"2020-08-19",0.00185877895800066,0.0149614178451452,0,0,0,-0.00849977813678442
"2020-08-20",0.00183858425280695,0.0143090279771648,0,0,0,0.0230046913007259
"2020-08-21",0.00188916315795059,0.0163209602943143,0,0,0,-0.00729657119358056
"2020-08-24",0.00187725023552397,0.0152565193246285,0,0,0,0.00314030864335241
"2020-08-25",0.00188042536172618,0.0137505387602117,0,0,0,0.0129256030533919
"2020-08-26",0.00190681569555263,0.0134939049605894,0,0,0,0.0213892346025717
"2020-08-27",0.00194697876815806,0.0152607212247344,0,0,0,0.0242568791310068
"2020-08-28",0.00197626270270513,0.017244730139295,0,0,0,0.0102308297585711
"2020-08-31",0.00199959527796874,0.0158823719339205,0,0,0,-0.0148757254158965
"2020-09-01",0.00196792429935837,0.0163102650939664,0,0,0,0.00768555019790388
"2020-09-02",0.00198188096546444,0.0148771283196188,0,0,0,0.0190888738767364
"2020-09-03",0.00201373751970363,0.0156026235237174,0,0,0,-0.0639487246002734
"2020-09-04",0.0017138506874787,0.0348425125545932,0,0,0,-0.0141353297844948
"2020-09-08",0.00170421535539615,0.0313139686746941,0,0,0,-0.0556138594577177
"2020-09-09",0.00169247777393637,0.0393904402762973,0,0,0,0.0417018994052571
"2020-09-10",0.00170436168314747,0.0395752942390738,0,0,0,-0.0284183670734268
"2020-09-11",0.00169450355466986,0.0374949364542813,0,0,0,-0.00654618849634484
"2020-09-14",0.00168743696997947,0.0329243149556546,0,0,0,0.0067409399454241
"2020-09-15",0.00168464566358329,0.0288697089696359,0,0,0,0.0162730841790711
"2020-09-16",0.00168954630257959,0.0262424877164542,0,0,0,-0.018027214142084
"2020-09-17",0.00167626666633241,0.0249177463984013,0,0,0,-0.0104913208585354
"2020-09-18",0.00166430836080463,0.0226318209952797,0,0,0,-0.0124970632134804
"2020-09-21",0.00164831472751671,0.0210370451753497,0,0,0,0.0106719301380863
"2020-09-22",0.00165035261705148,0.0190167238082613,0,0,0,0.0238083252574492
"2020-09-23",0.00167888622570532,0.0200086521102741,0,0,0,-0.0334826993249819
"2020-09-24",0.00163685523613522,0.0246075846906788,0,0,0,0.0128784780583157
"2020-09-25",0.00164171879135595,0.022307028051535,0,0,0,0.0225308185295787
"2020-09-28",0.00165873946026949,0.0221123252445254,0,0,0,0.00776498173708915
"2020-09-29",0.00166619038700826,0.0197288840382213,0,0,0,-0.0104632584055185
"2020-09-30",0.00165487437715188,0.0184290041459952,0,0,0,0.0147036821309146
"2020-10-01",0.00167148514496766,0.0175364687723149,0,0,0,0.0100760094648814
"2020-10-02",0.0016864819717532,0.0161260256610519,0,0,0,-0.0299556615502438
"2020-10-05",0.00161616712388481,0.0209832310913705,0,0,0,0.0201173455095044
"2020-10-06",0.00163341955159728,0.0205870117746946,0,0,0,-0.0214762391910728
"2020-10-07",0.00160961107624649,0.0213409498012956,0,0,0,0.0188584989465483
"2020-10-08",0.00162440733019143,0.0206144954264845,0,0,0,0.00356794936200967
"2020-10-09",0.00162640733844372,0.0182975572289362,0,0,0,0.024532762524759
"2020-10-12",0.00165557933849444,0.019629344154617,0,0,0,0.0255726293211643
"2020-10-13",0.00167949941843549,0.0208432004726293,0,0,0,0.00657275134437134
"2020-10-14",0.00169315160954558,0.0186164294774079,0,0,0,-0.00901475499992308
"2020-10-15",0.00168650389147551,0.0173527106290197,0,0,0,-0.00544812025878502
"2020-10-16",0.00168061034924776,0.0158802524485458,0,0,0,0
"2020-10-19",0.00167949966989942,0.0142842366897813,0,0,0,-0.0250773720237163
"2020-10-20",0.00162214272705107,0.0181181550768312,0,0,0,0.00200527033408604
"2020-10-21",0.00161509128153318,0.0161932249112387,0,0,0,0.000698567964140065
"2020-10-22",0.00160644395314168,0.0145740186546903,0,0,0,0.00041890665975975
"2020-10-23",0.00159677472986977,0.0132059530929966,0,0,0,0.00621638669133419
"2020-10-26",0.00160125788476389,0.0122357511440722,0,0,0,-0.0288542454313175
"2020-10-27",0.00153741996888153,0.0181225442800805,0,0,0,0.0149767758173024
"2020-10-28",0.001550619486028,0.017410475731904,0,0,0,-0.0508368057640795
"2020-10-29",0.00151198319475616,0.0294580114263961,0,0,0,0.0100148112438243
"2020-10-30",0.00150980511884628,0.0261665798473002,0,0,0,-0.0110514644281086
"2020-11-02",0.00149721420738127,0.0238399438938051,0,0,0,-0.000691699632321511
"2020-11-03",0.00148787780565754,0.0211426210257186,0,0,0,0.0200613440913951
"2020-11-04",0.00150418458460715,0.020743234801024,0,0,0,0.0471209633011928
"2020-11-05",0.00155935184178345,0.028412425856012,0,0,0,0.031389039856238
"2020-11-06",0.00157516594877201,0.0287895884687527,0,0,0,0.00192389491345824
"2020-11-09",0.00158227790364793,0.0253856731851612,0,0,0,-0.0241128146767066
"2020-11-10",0.00156469946703318,0.0255398973169033,0,0,0,-0.0343769295587154
"2020-11-11",0.00153977529360212,0.028292889003042,0,0,0,0.0259159419426704
"2020-11-12",0.00155213045982927,0.0275141722796487,0,0,0,-0.00513901915729224
"2020-11-13",0.00154819107038029,0.0245143891240913,0,0,0,0.00495428724894811
"2020-11-16",0.00154931726749586,0.0217839870614009,0,0,0,0.00331996431654756
"2020-11-17",0.00154992295133532,0.0193766750455788,0,0,0,-0.0128334592768394
"2020-11-18",0.00153287600191377,0.0185620771791382,0,0,0,-0.0158860322545324
"2020-11-19",0.00151044641105111,0.0185067126477359,0,0,0,0.0063282383559264
"2020-11-20",0.00150843449185643,0.0166992547431973,0,0,0,-0.00960249567646477
"2020-11-23",0.00148721452097229,0.0158813279637868,0,0,0,-0.00133174811597082
"2020-11-24",0.00147237733067005,0.0143551481644878,0,0,0,0.0176903922275528
"2020-11-25",0.00150885804161573,0.0151226704231257,0,0,0,4.67584691360997e-05
"2020-11-27",0.00150511193724565,0.0136950532023474,0,0,0,0.00633886997844086
"2020-11-30",0.0015143998614635,0.0126775484450705,0,0,0,-0.00540415943695662
"2020-12-01",0.00149679799380768,0.0120710996838135,0,0,0,0.0099470932653284
"2020-12-02",0.00151893370435798,0.0118199452505565,0,0,0,-0.003892678347958
"2020-12-03",0.0015046425710213,0.0112070084576533,0,0,0,-0.00526059731363893
"2020-12-04",0.0014808894536031,0.0108853850552219,0,0,0,0.000559962683787088
"2020-12-07",0.00147053992354593,0.0101340598852772,0,0,0,-0.000326606791658836
"2020-12-08",0.00145555411837231,0.00953128967967312,0,0,0,0.00799446507382999
"2020-12-09",0.00148004929140658,0.0095464135763696,0,0,0,-0.0196822697415147
"2020-12-10",0.00139103118630083,0.0135952980741942,0,0,0,-0.00606177268172788
"2020-12-11",0.00136725244892235,0.0128646496253414,0,0,0,0.0129314181044553
"2020-12-14",0.00139323282102322,0.0129950672807447,0,0,0,0.00439807942361486
"2020-12-15",0.00139694074907181,0.011979256528218,0,0,0,-0.000326850795522999
"2020-12-16",0.00139020453769197,0.0110844932763755,0,0,0,0.0237661447764051
"2020-12-17",0.00147285492140275,0.0147497350648871,0,0,0,0.000638249394814525
"2020-12-18",0.00147923904794375,0.0133693904094538,0,0,0,-0.00378987234743381
"2020-12-21",0.00147281314201521,0.0124800516431252,0,0,0,0.0181336851606077
"2020-12-22",0.00151374875205008,0.0138733832302283,0,0,0,0.00604664462953223
"2020-12-23",0.00153110912810208,0.0128217053898363,0,0,0,-0.0131249636714147
"2020-12-24",0.0014928138427775,0.0136185271405189,0,0,0,0.00779687119028244
"2020-12-28",0.00150617874060323,0.0127816674514177,0,0,0,0.00987254227138143
"2020-12-29",0.00152796746449488,0.0123711650617924,0,0,0,-0.00360713802085159
"2020-12-30",0.00152025130063381,0.0116531487995859,0,0,0,-0.0110805700467255
"2020-12-31",0.00148377759436028,0.0122948730798672,0,0,0,0.00333258583597286
"2021-01-04",0.00148313890995514,0.0113712354516172,0,0,0,-0.0214954539778509
"2021-01-05",0.00142688227472629,0.0150222229058323,0,0,0,0.000964209537729232
"2021-01-06",0.00141619688058142,0.0136176446725399,0,0,0,-0.0262714167591175
"2021-01-07",0.00138810702996698,0.0178938699209074,0,0,0,0.0280596287948143
"2021-01-08",0.0014343688120056,0.0203345569611438,0,0,0,0.00607432618329608
"2021-01-11",0.00143787607822574,0.0182051264854623,0,0,0,-0.00974590770929779
"2021-01-12",0.00142478327701517,0.0171068117262915,0,0,0,-0.0118404787410849
"2021-01-13",0.00140541752679644,0.0165585478973443,0,0,0,0.006538850482959
"2021-01-14",0.00140643046586152,0.015111938154812,0,0,0,-0.0154651861871238
"2021-01-15",0.0013788756535684,0.0157618438571476,0,0,0,-0.00173843631537719
"2021-01-19",0.00136511220904398,0.0143234602699358,0,0,0,0.0176657510748919
"2021-01-20",0.00139875925744965,0.0150672446482931,0,0,0,0.0358493854425428
"2021-01-21",0.00146151727618794,0.0210093625492057,0,0,0,0.00280430176433042
"2021-01-22",0.00146941469917918,0.0186910108804055,0,0,0,0.00434667587588103
"2021-01-25",0.00147880494699679,0.0167932931825519,0,0,0,0.0157200040545815
"2021-01-26",0.00150019167310896,0.016489432915639,0,0,0,0.0121250348753264
"2021-01-27",0.00152069463387906,0.0156586109291657,0,0,0,0.00245040210309871
"2021-01-28",0.00153303265832118,0.0141931895286513,0,0,0,0.025561445112144
"2021-01-29",0.00156035802287405,0.01700162371783,0,0,0,-0.0296056789941994
"2021-02-01",0.00138313345267621,0.0207721986229048,0,0,0,0.0326145825974004
"2021-02-02",0.00142736292056182,0.0232865253194417,0,0,0,-0.000584355972885301
"2021-02-03",0.001403924416661,0.020647409192716,0,0,0,0.0144662737077934
"2021-02-04",0.00152629381018438,0.0196074702446991,0,0,0,-0.00408239572355582
"2021-02-05",0.00141806249846417,0.0177697814155505,0,0,0,0.000784783501999104
"2021-02-08",0.00150344766391517,0.0159639109449582,0,0,0,0.00111416026546084
"2021-02-09",0.00153835768842988,0.0144233765497251,0,0,0,0.00534716640953283
"2021-02-10",0.00154680140958531,0.0132468028224701,0,0,0,-0.00390472967815637
"2021-02-11",0.00153917473812037,0.0124032298541291,0,0,0,0.00685398016717702
"2021-02-12",0.00155092606710014,0.0117089063714381,0,0,0,0.00204298510218113
"2021-02-16",0.00155494087017357,0.0108598968994742,0,0,0,-0.00527943275402695
"2021-02-17",0.0015350379698929,0.0106587075061981,0,0,0,0.00204960104544379
"2021-02-18",0.00153229794111868,0.00999975793529551,0,0,0,-0.0016803626978981
"2021-02-19",0.00151734705085232,0.00956934486161022,0,0,0,-0.0116347545642956
"2021-02-22",0.00147091293597816,0.0110491589289497,0,0,0,-0.0271742135140619
"2021-02-23",0.00145070487314234,0.0169565054079077,0,0,0,-0.005301649939884
"2021-02-24",0.00143243692894452,0.0155167227249367,0,0,0,0.00547220381400237
"2021-02-25",0.00142694022734531,0.0141572134975569,0,0,0,-0.0239904502959784
"2021-02-26",0.00140210243133211,0.0174868009427595,0,0,0,0.0146956282762271
"2021-03-01",0.00141340009153684,0.0168535322940918,0,0,0,0.0194329817718973
"2021-03-02",0.00143800247186181,0.0173094818997903,0,0,0,-0.0130415391026345
"2021-03-03",0.00142017731150802,0.0169206713174788,0,0,0,-0.0273514655415318
"2021-03-04",0.0013896538800328,0.0202679381846244,0,0,0,-0.0036540576438955
"2021-03-05",0.00137813588473754,0.0181550314716094,0,0,0,0.021251863460289
"2021-03-08",0.00140227152789601,0.0186887411330603,0,0,0,-0.0183451407231403
"2021-03-09",0.0013814673712076,0.0190507437699336,0,0,0,0.0277138972039245
"2021-03-10",0.00141307950396025,0.0209701797193248,0,0,0,-0.0058344223848966
"2021-03-11",0.0014084263964919,0.0189121249629362,0,0,0,0.0200624341632907
"2021-03-12",0.00142774655851027,0.0189776998933832,0,0,0,-0.00583659244445131
"2021-03-15",0.00142328939890408,0.017278705020886,0,0,0,-0.00399524502871038
"2021-03-16",0.00141753145218599,0.0157184293157864,0,0,0,0.0122747668323086
"2021-03-17",0.00143319708652645,0.0150696469142908,0,0,0,-0.00282254005185546
"2021-03-18",0.00142897711981634,0.013802760037394,0,0,0,-0.0270240491687255
"2021-03-19",0.00137366019696422,0.0182109206045063,0,0,0,-0.00160496271465834
"2021-03-22",0.00136450547367197,0.0163794872833524,0,0,0,0.0241895398645722
"2021-03-23",0.00140202178371576,0.0181245043242838,0,0,0,0.00671497761489536
"2021-03-24",0.00140920846709278,0.0164396642618307,0,0,0,-0.00896336121134281
"2021-03-25",0.00139645248904241,0.0155880124717666,0,0,0,-0.013339231564722
"2021-03-26",0.0013741813894515,0.0156549006277399,0,0,0,0.0176618216745082
"2021-03-29",0.00139880850852107,0.0160268981154351,0,0,0,-0.00525736816808169
"2021-03-30",0.0013898781422915,0.0148208653942501,0,0,0,-0.0145156587542855
"2021-03-31",0.00136396430474361,0.015321689260805,0,0,0,0.0167661427087235
"2021-04-01",0.00138769944305506,0.0155925871062315,0,0,0,0.0275262087451917
"2021-04-05",0.00142670021227097,0.0185092275749946,0,0,0,0.0273510191632272
"2021-04-06",0.0014481990922333,0.0204168974359151,0,0,0,-0.00486991081788392
"2021-04-07",0.00145071945481123,0.0184115356629806,0,0,0,0.00819676720417849
"2021-04-08",0.00146343721525631,0.0167902287630496,0,0,0,0.0133163052878861
"2021-04-09",0.00148220356867137,0.0160789455658992,0,0,0,0.010214192122308
"2021-04-12",0.0015007437526603,0.0150816351973225,0,0,0,0.000234484915878228
"2021-04-13",0.00150897572434316,0.0137268899775867,0,0,0,0.0100311883136961
"2021-04-14",0.00153040691664979,0.0131675155207752,0,0,0,-0.0112824103733174
"2021-04-15",0.0015045865983262,0.0134690726068468,0,0,0,0.0151821044985856
"2021-04-16",0.00153135395439974,0.0138574263883361,0,0,0,0.00476703962868942
"2021-04-19",0.00154372910133655,0.0127831750822604,0,0,0,-0.00770004574487682
"2021-04-20",0.00152707534257015,0.0125439496773229,0,0,0,-0.00185686707125039
"2021-04-21",0.00152038354635136,0.0117129619463823,0,0,0,0.00894308635627994
"2021-04-22",0.00153850159461544,0.0114411210829094,0,0,0,-0.0131725709608828
"2021-04-23",0.00149769091627433,0.0126471681056832,0,0,0,0.015357610068405
"2021-04-26",0.00152873889937192,0.0132970462582683,0,0,0,0.00153051493431247
"2021-04-27",0.0015311774297949,0.0122276132993649,0,0,0,0.00160452357162053
"2021-04-28",0.00153300111120388,0.0113475128470644,0,0,0,-0.0286934287987639
"2021-04-29",0.00144668231210921,0.0173600772717816,0,0,0,-0.00808571269788232
"2021-04-30",0.00143151955176416,0.0162095860778548,0,0,0,-0.00130773364651403
"2021-05-03",0.00142026992780366,0.0147345860881507,0,0,0,-0.00126974066737998
"2021-05-04",0.00140767715326316,0.013517048174094,0,0,0,-0.0162917643220492
"2021-05-05",0.00138035642585264,0.0147581997323578,0,0,0,-0.00534133103337677
"2021-05-06",0.00136057983675112,0.013810269459874,0,0,0,0.0131400520197276
"2021-05-07",0.00137866847592858,0.0137570170563116,0,0,0,0.0108724860827136
"2021-05-10",0.00139320209241607,0.0133520151581929,0,0,0,-0.0211360041631262
"2021-05-11",0.00135137030562729,0.0159138748276324,0,0,0,-0.00385075768188552
"2021-05-12",0.00133873027953934,0.0146359827111278,0,0,0,-0.0298025065481933
"2021-05-13",0.00131515076183474,0.0193477065661243,0,0,0,0.016721340578999
"2021-05-14",0.00132650455503358,0.0186678546629211,0,0,0,0.0208485095229402
"2021-05-17",0.00134636697321041,0.0189217537348507,0,0,0,-0.0120407673666016
"2021-05-18",0.00133381755917284,0.0180136774897674,0,0,0,-0.00860202739969364
"2021-05-19",0.00132152713256054,0.0168224299537527,0,0,0,0.000164541341383088
"2021-05-20",0.00131535304434713,0.0152367181296682,0,0,0,0.0137257056798748
"2021-05-21",0.00133206907845018,0.0149600733231972,0,0,0,-0.00532900681439138
"2021-05-24",0.00132136161316393,0.013984775675614,0,0,0,0.0226242132883708
"2021-05-25",0.00136285130156216,0.015977538904822,0,0,0,0.00374129789634098
"2021-05-26",0.00137007330162487,0.0145637144477314,0,0,0,-0.000914131340857144
"2021-05-27",0.00137032670532932,0.013384697188227,0,0,0,-0.00870612527836039
"2021-05-28",0.00135220637822687,0.0131492755695332,0,0,0,0.00148299592300859
"2021-06-01",0.00135022139242106,0.0121679502600294,0,0,0,-0.00917363800413652
"2021-06-02",0.00132561553097554,0.0122823448003848,0,0,0,-0.000404285431017015
"2021-06-03",0.00131537752130972,0.0114694931838902,0,0,0,-0.00645019578776124
"2021-06-04",0.00129177134934876,0.0113139595140329,0,0,0,0.0204639568159371
"2021-06-07",0.001359042306386,0.013671675014875,0,0,0,0.0119700200517686
"2021-06-08",0.00137884718809021,0.0134470067481303,0,0,0,-0.00489751758963279
"2021-06-09",0.00137140997085863,0.0127222206016786,0,0,0,0.00403035159126378
"2021-06-10",0.00137845984852946,0.0118722565676421,0,0,0,0.0142907116577163
"2021-06-11",0.00140822156141278,0.0125018904776294,0,0,0,0.00252363614999448
"2021-06-14",0.0014174122626442,0.0116388194923647,0,0,0,0.00772532715350157
"2021-06-15",0.00143704855950601,0.0112657084640809,0,0,0,-0.00590450340588656
"2021-06-16",0.00142280584480081,0.0111015570431693,0,0,0,-0.00380036909875321
"2021-06-17",0.00141089053522944,0.0107236062444107,0,0,0,0.0135836000771639
"2021-06-18",0.00144524954965691,0.0115182712028627,0,0,0,-0.00565027544398919
"2021-06-21",0.00143115890437689,0.0112580837605836,0,0,0,0.01225928083831
"2021-06-22",0.0014584705707003,0.0116321677141064,0,0,0,0.0109063072191174
"2021-06-23",0.00148254801251079,0.0116722653931288,0,0,0,-0.000885480996466879
"2021-06-24",0.0014847859791044,0.0109756022990833,0,0,0,0.00531991141226188
"2021-06-25",0.0014998457809198,0.0104876397994325,0,0,0,-0.00628164033542584
"2021-06-28",0.00148060633111157,0.0105352559523885,0,0,0,0.0138646504675474
"2021-06-29",0.00151516883678783,0.0114117578296677,0,0,0,0.00992380209673123
"2021-07-01",0.00153824598616501,0.0113302306357387,0,0,0,0.000736648283772573
"2021-07-02",0.00154513546163352,0.0106353362860954,0,0,0,0.0220309320030751
"2021-07-06",0.00158249611914588,0.0135750302455656,0,0,0,3.60159190402013e-05
"2021-07-07",0.00159015703099055,0.01251288714088,0,0,0,0.00814222830738402
"2021-07-08",0.0016093549538745,0.0119727726854683,0,0,0,-0.00900696857889625
"2021-07-09",0.00158843600294247,0.0121209096300819,0,0,0,0.00187265972329183
"2021-07-12",0.00159196273379288,0.0112994298048246,0,0,0,-0.00223318898414623
"2021-07-13",0.00158498204925584,0.0107511227654132,0,0,0,0.0131114183492159
"2021-07-14",0.00161541505822865,0.0113656317641621,0,0,0,0.00543045576657602
"2021-07-15",0.00162925737430204,0.0107953552986823,0,0,0,-0.00525252298910991
"2021-07-16",0.00161509448351832,0.0106384191389129,0,0,0,-0.000996831582418998
"2021-07-19",0.00160954373211504,0.0101239635550207,0,0,0,-0.0134109869998101
"2021-07-20",0.00156609729685614,0.0117101269023721,0,0,0,0.00830447135909195
"2021-07-21",0.00157673246059448,0.0113523708366308,0,0,0,0.00741906670245404
"2021-07-22",0.00158873963385018,0.0109549959903693,0,0,0,0.0167040568578994
"2021-07-23",0.00162540054561833,0.0122776787435239,0,0,0,0.0122611424727459
"2021-07-26",0.00164814849723562,0.012326297457664,0,0,0,-0.0021426604824486
"2021-07-27",0.0016488123869997,0.0115769301156214,0,0,0,-0.00872154106325889
"2021-07-28",0.00162708944504486,0.0117522830407928,0,0,0,-0.00111739658249647
"2021-07-29",0.0016214864963969,0.0110511667910053,0,0,0,0.00097779027206441
"2021-07-30",0.00161879521461974,0.0104002535858903,0,0,0,-0.00556519523182338
"2021-08-02",0.00159859883610688,0.0103442947199198,0,0,0,-0.000315939131689217
"2021-08-03",0.00158864866594679,0.00983431822155754,0,0,0,0.00804284504807014
"2021-08-04",0.00160481818992401,0.00979932130239064,0,0,0,-0.00212680727972698
"2021-08-05",0.00159358002877652,0.00949713055311697,0,0,0,0.0104509396958619
"2021-08-06",0.00162082655820955,0.00988530153288662,0,0,0,-0.00020726104602854
"2021-08-09",0.00161853382242024,0.00943084857768017,0,0,0,-0.0039114607061558
"2021-08-10",0.00160199161919683,0.00934159008660204,0,0,0,-0.0065765673645636
"2021-08-11",0.00157524829846445,0.00964501876954991,0,0,0,0.00177889441563257
"2021-08-12",0.00156952679486413,0.00917567920753968,0,0,0,0.00991755129311854
"2021-08-13",0.0015959511716251,0.0095433183205401,0,0,0,0.0104349966883011
"2021-08-16",0.00162281008019537,0.00989618731314843,0,0,0,0.00595797149273861
"2021-08-17",0.00163963369386417,0.00956421205711709,0,0,0,-0.0051728947367669
"2021-08-18",0.00162285975256653,0.00958766892712324,0,0,0,-0.00805060787719458
"2021-08-19",0.0015944830346366,0.0100694445265322,0,0,0,0.0205624266027989
"2021-08-20",0.00165322997694126,0.0126986125474864,0,0,0,0.0252537832909549
"2021-08-23",0.00168065351123788,0.0157286603582804,0,0,0,0.000952365386181253
"2021-08-24",0.00168796037460033,0.0142533383812346,0,0,0,-0.00668568367107857
"2021-08-25",0.00168132352772105,0.0135429761228171,0,0,0,-0.00201776361398315
"2021-08-26",0.00167900700904777,0.0125447339075553,0,0,0,-0.00971559796669183
"2021-08-27",0.00165976486164177,0.0126312611177184,0,0,0,0.00210417405336019
"2021-08-30",0.00165809708658827,0.0116778166117909,0,0,0,0.012829401406478
"2021-08-31",0.00167982827273102,0.0119263307638159,0,0,0,-0.00564851948592045
"2021-09-01",0.00166782003472457,0.0115346477949149,0,0,0,-0.000165642444598674
"2021-09-02",0.0016630242829455,0.0107853890219561,0,0,0,-0.002255465482339
"2021-09-03",0.00165257624217047,0.0102672440697066,0,0,0,-3.32065948327458e-05
"2021-09-07",0.00164492886595206,0.00971279734924705,0,0,0,-0.0031929781667286
"2021-09-08",0.00162841994735345,0.00946230294693763,0,0,0,9.99350423055544e-05
"2021-09-09",0.00161801571427668,0.00902621429834787,0,0,0,-0.00990869419958312
"2021-09-10",0.00158530890433377,0.0100564801869278,0,0,0,-0.00519429122543396
"2021-09-13",0.00156286731068505,0.00995128480444665,0,0,0,0.00431922385672398
"2021-09-14",0.00156020284448913,0.00948088010849934,0,0,0,0.00938376133962645
"2021-09-15",0.00158016301852438,0.00965911131157027,0,0,0,0.0166392089158958
"2021-09-16",0.0016231791398405,0.0113412159780785,0,0,0,0.00131138960502531
"2021-09-17",0.00162818826154339,0.0105581222161262,0,0,0,-0.0176837806558822
"2021-09-20",0.001573807131213,0.0130809451137204,0,0,0,-0.0187493921674194
"2021-09-21",0.00154708135800424,0.0150203021306553,0,0,0,0.00169750507575437
"2021-09-22",0.00154166817989809,0.013645975175733,0,0,0,0.0127407433102626
"2021-09-23",0.00155520515212042,0.0134423149195027,0,0,0,0.0032768277557224
"2021-09-24",0.00155623910579396,0.0123593488926895,0,0,0,-0.000701274009805238
"2021-09-27",0.00155122572007448,0.0114718832084175,0,0,0,-0.0174556258514601
"2021-09-28",0.00151859523249713,0.0135454016201611,0,0,0,-0.036875164103185
"2021-09-29",0.00150575723297448,0.0211499068837277,0,0,0,0.00169157074449005
"2021-09-30",0.0015005297372731,0.0188449110235103,0,0,0,-0.00735089541339128
"2021-10-01",0.00148969810428461,0.017359029321945,0,0,0,0.0251493062744856
"2021-10-04",0.00151567240385197,0.0188443123597164,0,0,0,-0.020937134320949
"2021-10-05",0.00149990285699923,0.0196367979364334,0,0,0,0.0197603785696088
"2021-10-06",0.00151154456213973,0.0193767526618122,0,0,0,0.0149520719123268
"2021-10-07",0.00152045347676092,0.018371136020337,0,0,0,0.00591878726322627
"2021-10-08",0.00152503300629015,0.0166370709238817,0,0,0,0
"2021-10-11",0.0015251702568639,0.015058557990464,0,0,0,-0.0021049780299161
"2021-10-12",0.00152178095952815,0.0137877061965001,0,0,0,-0.00459880560461629
"2021-10-13",0.00151312574083024,0.0128990799340917,0,0,0,0.011643234776165
"2021-10-14",0.00152755299635452,0.012688721623555,0,0,0,0.021501178845056
"2021-10-15",0.00155733364356473,0.0146556254356689,0,0,0,0.00481086996147815
"2021-10-18",0.00156634721187519,0.0134408391071394,0,0,0,0.0100736747218731
"2021-10-19",0.00158155351562924,0.0128909961838756,0,0,0,0.00305433042229801
"2021-10-20",0.00159051264729937,0.0118906986893571,0,0,0,-0.0026638960591146
"2021-10-21",0.00158879955139093,0.0111944121479143,0,0,0,0.0108385486024837
"2021-10-22",0.00160853784439287,0.0112234067471376,0,0,0,-0.00516196784354967
"2021-10-25",0.00159921086609953,0.010900011325825,0,0,0,-0.00333717039284772
"2021-10-26",0.00159087131074697,0.0104394760266254,0,0,0,0.00640530140268053
"2021-10-27",0.00160158997052538,0.0100530956390047,0,0,0,0.0412514273080507
"2021-10-28",0.00166894661399942,0.019635063178739,0,0,0,0.00364467910251065
"2021-10-29",0.00167647268533169,0.0176622297518594,0,0,0,0.0221665554141622
"2021-11-01",0.00169119804665386,0.0182480767967362,0,0,0,-0.00680799615847584
"2021-11-02",0.00169025635300228,0.0168944491279618,0,0,0,0.0113510652735817
"2021-11-03",0.00170235204929122,0.0158943058513173,0,0,0,0.00260818878836807
"2021-11-04",0.00170897378925716,0.014513799114949,0,0,0,0.00727883411753613
"2021-11-05",0.00172035786312745,0.0135422387667973,0,0,0,-0.00113011164444062
"2021-11-08",0.00172208889045988,0.0125710197261683,0,0,0,0.00276354087179155
"2021-11-09",0.00172786228033432,0.0116968806298041,0,0,0,-0.00309091695542862
"2021-11-10",0.00172214630153905,0.0111471175336956,0,0,0,-0.0154483762166226
"2021-11-11",0.00168520987248577,0.0128131904190913,0,0,0,0.00491534846680757
"2021-11-12",0.00168678162067765,0.0119828372177845,0,0,0,0.0128224128459715
"2021-11-15",0.00170620943591367,0.0121656457463351,0,0,0,-0.00193225286415295
"2021-11-16",0.00170137270040384,0.0114634313631789,0,0,0,0.0101839300477977
"2021-11-17",0.00171759431997359,0.0113582148978831,0,0,0,-0.00114937460157822
"2021-11-18",0.00171473204429131,0.0107508888661996,0,0,0,0.00631992579601059
"2021-11-19",0.00172588773984813,0.0103631438709942,0,0,0,0.00537714262084276
"2021-11-22",0.00173676898800161,0.00997483795510484,0,0,0,-0.00960560289271032
"2021-11-23",0.00170754503416473,0.0106966538315877,0,0,0,-0.00634679109428137
"2021-11-24",0.00168940507084903,0.0106892000766798,0,0,0,0.000680886362692707
"2021-11-26",0.0016831044680718,0.0101215439626079,0,0,0,-0.0246571008063742
"2021-11-29",0.00164449832506886,0.0148195480481958,0,0,0,0.0208619173143226
"2021-11-30",0.00167046547894794,0.0158700125505422,0,0,0,-0.0181054674493196
"2021-12-01",0.00165137329675806,0.016752205074628,0,0,0,-0.00154388757262324
"2021-12-02",0.00164504102059836,0.0152671210132023,0,0,0,-0.00178904485457741
"2021-12-03",0.00163725998397643,0.0140430339893526,0,0,0,-0.019862721972629
"2021-12-06",0.00161683299151969,0.0158172259390259,0,0,0,0.00979675118203252
"2021-12-07",0.00161977021938447,0.014847433955104,0,0,0,0.0264116636584634
"2021-12-08",0.00165566138042933,0.0172033154106835,0,0,0,0.000149278239988313
"2021-12-09",0.00165551926499092,0.0156262143902031,0,0,0,-0.00559823037658539
"2021-12-10",0.00164907550802301,0.0146087339767603,0,0,0,0.0279456940045888
"2021-12-13",0.00168162169440418,0.0174204869908564,0,0,0,-0.00920908640409699
"2021-12-14",0.00167498639584239,0.0164671060819467,0,0,0,-0.0331296959337538
"2021-12-15",0.00163928523140826,0.0210679849998838,0,0,0,0.0190355526802791
"2021-12-16",0.00164816507214347,0.0203243022032939,0,0,0,-0.0295677668715966
"2021-12-17",0.0016303958684628,0.0226456547492526,0,0,0,-0.00339140143151972
"2021-12-20",0.00162511257016154,0.0203823755871958,0,0,0,-0.0120863350079611
"2021-12-21",0.00161509598360406,0.0192425809922028,0,0,0,0.0228069217953371
"2021-12-22",0.00163016586310976,0.0195671535660522,0,0,0,0.0178962822617768
"2021-12-23",0.00164033164714364,0.0189490277350043,0,0,0,0.00446181997601098
"2021-12-27",0.001643010932958,0.0171554446149653,0,0,0,0.0229209313752156
"2021-12-28",0.00166019042740175,0.0180062949758926,0,0,0,-0.00351031514474466
"2021-12-29",0.00165950657507227,0.0164565604722926,0,0,0,0.00204918104493542
"2021-12-30",0.00166230437027268,0.0149833818294132,0,0,0,-0.00772091260457105
"2021-12-31",0.00165324087151325,0.0142899382625223,0,0,0,-0.00888052725094774
"2022-01-03",0.00164044091667573,0.0138780816107561,0,0,0,-0.00467910311730444
"2022-01-04",0.00163005623462586,0.0130678755026056,0,0,0,-0.0172958391310547
"2022-01-05",0.00160788205448911,0.0145407060861205,0,0,0,-0.0391441226697938
"2022-01-06",0.00160446951400114,0.0218685483462705,0,0,0,-0.00793327551116096
"2022-01-07",0.00159473266123018,0.0200194189314322,0,0,0,0.000509619070782514
"2022-01-10",0.00158758229173889,0.0180509205889804,0,0,0,0.000732122710997246
"2022-01-11",0.00158029590565825,0.0163724970308184,0,0,0,0.00225665570538257
"2022-01-12",0.00157465593927827,0.0149390424368637,0,0,0,0.0103909343928552
"2022-01-13",0.00158049727988455,0.0142083440402148,0,0,0,-0.0432442553267986
"2022-01-14",0.00155775567923036,0.0228194520736404,0,0,0,0.0175614269299472
"2022-01-18",0.00156311723540187,0.0216097474491678,0,0,0,-0.0246402284047422
"2022-01-19",0.00155040933084849,0.0223576258562292,0,0,0,0.00224429943372112
"2022-01-20",0.00154675133603357,0.0201667282092943,0,0,0,-0.0057196856376163
"2022-01-21",0.00153841363361566,0.0185200712018973,0,0,0,-0.0186408355940907
"2022-01-24",0.00152474940210668,0.0187962928192884,0,0,0,0.00114787318478183
"2022-01-25",0.00151815117605813,0.0170895891929466,0,0,0,-0.0269482504221412
"2022-01-26",0.00150542266642115,0.019545321758997,0,0,0,0.0280948075046488
"2022-01-27",0.00152851631951535,0.0208823296238171,0,0,0,0.0104937682430575
"2022-01-28",0.00153146095968813,0.019269206418589,0,0,0,0.0276945836685165
"2022-01-31",0.00155008253004052,0.0205741398473958,0,0,0,0.00878501871109646
"2022-02-01",0.00155569926028661,0.0188818074449099,0,0,0,-0.00716432534801716
"2022-02-02",0.00155174556687559,0.0175491566601471,0,0,0,0.0151074841442688
"2022-02-03",0.00156253856457284,0.0169658458707387,0,0,0,-0.0397312754210572
"2022-02-04",0.00151644214289021,0.0230186828524305,0,0,0,0.0154485194902547
"2022-02-07",0.0015219480321145,0.0215779003374072,0,0,0,-0.0164448663013395
"2022-02-08",0.00151212146692414,0.0208963117059577,0,0,0,0.0119239740804621
"2022-02-09",0.00151619694187432,0.0194373692208045,0,0,0,0.0215998133898116
"2022-02-10",0.00152947438768376,0.0195079201298735,0,0,0,-0.0287834209119985
"2022-02-11",0.00150854442767899,0.0216699705004242,0,0,0,-0.0245735641838261
"2022-02-14",0.00149548924342174,0.022369484870031,0,0,0,-0.00013558402840929
"2022-02-15",0.00149129260978083,0.02026004897329,0,0,0,0.0183725590410871
"2022-02-16",0.00150021946320815,0.0196677139157769,0,0,0,-0.00323349782540284
"2022-02-17",0.00149560483308587,0.0179965351569729,0,0,0,-0.0297194161409356
"2022-02-18",0.00147712321103207,0.0208203019116942,0,0,0,-0.00967760637696673
"2022-02-22",0.0014676385152882,0.0194522591755494,0,0,0,-0.000729610038446173
"2022-02-23",0.00146088493475553,0.0177413920499098,0,0,0,-0.0262343607404263
"2022-02-24",0.00144735608874376,0.0197691555626115,0,0,0,0.0498311348623821
"2022-02-25",0.00150946511764135,0.0268252455410075,0,0,0,0.00919080637511532
"2022-02-28",0.00151216754564555,0.024378296459959,0,0,0,0.00496562000025459
"2022-03-01",0.00151431687035614,0.0220945149798977,0,0,0,-0.0129351350473969
"2022-03-02",0.00150715989438914,0.0209000027571925,0,0,0,0.0176097570695334
"2022-03-03",0.00151542578644851,0.0201048458539143,0,0,0,-0.014326459994419
"2022-03-04",0.00150644906143931,0.0194079272431209,0,0,0,-0.0206910997298283
"2022-03-07",0.00149232457433352,0.0198726080602958,0,0,0,-0.038508898658494
"2022-03-08",0.0014784465283202,0.0243865634145422,0,0,0,-0.0110319094174365
"2022-03-09",0.00147006210733285,0.0226524647923184,0,0,0,0.0448378462297143
"2022-03-10",0.00150440755359535,0.027185612088634,0,0,0,-0.0101378701013319
"2022-03-11",0.00150033431401197,0.0249930726917395,0,0,0,-0.0195176439223655
"2022-03-14",0.00149166451478981,0.0241915364015087,0,0,0,-0.0130457727012633
"2022-03-15",0.00148372308552268,0.022698955095814,0,0,0,0.0380109280871118
"2022-03-16",0.00150706262593766,0.025448640574278,0,0,0,0.0249006915762065
"2022-03-17",0.00151582613742201,0.0249320902639177,0,0,0,0.00281542222233897
"2022-03-18",0.00151717046869313,0.0225786069631805,0,0,0,0.0174939406389753
"2022-03-21",0.00152585386732062,0.0215026043183803,0,0,0,-0.00423623442435923
"2022-03-22",0.00152474249337032,0.0196790463275004,0,0,0,0.016246503029223
"2022-03-23",0.00153451620141854,0.0189132416251913,0,0,0,-0.0151440223362464
"2022-03-24",0.0015236079433593,0.0185621670816526,0,0,0,0.0152755666668754
"2022-03-25",0.00153346035811964,0.0178603674657124,0,0,0,-0.00138207926175592
"2022-03-28",0.00153282993657377,0.0163772340840715,0,0,0,0.0228533009774387
"2022-03-29",0.00155126420106888,0.0173927381963014,0,0,0,0.0150455633977692
"2022-03-30",0.00156329720832173,0.0168653437686853,0,0,0,-0.00492635318619625
"2022-03-31",0.00156200475782798,0.0157042706451481,0,0,0,-0.0178412563054833
"2022-04-01",0.0015414947234407,0.016497310398969,0,0,0,0.00359380698583128
"2022-04-04",0.0015428139056746,0.0151904019619901,0,0,0,0.0177778189040371
"2022-04-05",0.00155950760298095,0.0155103103688472,0,0,0,-0.0130704105658298
"2022-04-06",0.00154544002902883,0.0154995956088378,0,0,0,-0.0372925680736259
"2022-04-07",0.00150934739078893,0.0212895704673556,0,0,0,0.00622432818190889
"2022-04-08",0.00150871584196344,0.0194560310879896,0,0,0,-0.0147076221375872
"2022-04-11",0.00149769803210414,0.0189411925856934,0,0,0,-0.0402300785045496
"2022-04-12",0.00148648968095975,0.0242741676308665,0,0,0,-0.0112812308311821
"2022-04-13",0.00147750838710557,0.0225850845589601,0,0,0,0.0195203501941393
"2022-04-14",0.00148423550118688,0.021787690963801,0,0,0,-0.0274578885319876
"2022-04-18",0.00147216128085872,0.0230511209993302,0,0,0,0.00246274774246366
"2022-04-19",0.00146791884365285,0.0209246166636941,0,0,0,0.0168962345507447
"2022-04-20",0.00147415508856354,0.0200650619196487,0,0,0,0.00370850230852994
"2022-04-21",0.00147271696269081,0.0183273903805757,0,0,0,-0.019571476474827
"2022-04-22",0.00145858622706341,0.018822937818682,0,0,0,-0.024440694607481
"2022-04-25",0.00144507499547501,0.0201618248221045,0,0,0,0.0241201418292834
"2022-04-26",0.00145980419854043,0.0205674404133513,0,0,0,-0.0381212892431466
"2022-04-27",0.0014431204501993,0.0247283112565047,0,0,0,0.0469875387630996
"2022-04-28",0.00146996959706548,0.0292416976989072,0,0,0,0.0223802655116757
"2022-04-29",0.00147576592422353,0.0277231341338226,0,0,0,-0.0427112436450944
"2022-05-02",0.00146015117286068,0.0310041357776602,0,0,0,0.0247347971901867
"2022-05-03",0.00146593571917128,0.0295152148133692,0,0,0,-0.00950117522655031
"2022-05-04",0.00146273338822578,0.0269782921438925,0,0,0,0.0286853304599172
"2022-05-05",0.00147149964902744,0.0268228426305959,0,0,0,-0.0445317085838041
"2022-05-06",0.00145538128443891,0.0308036826404037,0,0,0,-0.00949144931567405
"2022-05-09",0.00145077492881505,0.0281121626585241,0,0,0,-0.0376451341513356
"2022-05-10",0.00144149036254597,0.030075527723398,0,0,0,0.0184247273148179
"2022-05-11",0.00144376953664543,0.0280005740152535,0,0,0,-0.0337736089938281
"2022-05-12",0.00143445457914188,0.0291555770489375,0,0,0,-0.0201596282615708
"2022-05-13",0.00142662868292599,0.0277647361487428,0,0,0,0.0223449186820893
"2022-05-16",0.00143117793798146,0.0265096671853795,0,0,0,0.00145421172923541
"2022-05-17",0.00142817642256783,0.0239445098807538,0,0,0,0.0201399902456825
"2022-05-18",0.00143488504361301,0.0230041382524998,0,0,0,-0.0489250956918891
"2022-05-19",0.00141815042342721,0.0294520597950838,0,0,0,-0.00370648269446872
"2022-05-20",0.00141371308612441,0.0266951554778432,0,0,0,-0.00229385111456603
"2022-05-23",0.00140933512622644,0.0242141662974871,0,0,0,0.0315296669643787
"2022-05-24",0.00142378957984097,0.0251959900161828,0,0,0,-0.00395948774926643
"2022-05-25",0.00142073126091403,0.0229464299692047,0,0,0,0.0111082461406735
"2022-05-26",0.00142365380140356,0.0212093309777786,0,0,0,0.0127930286434521
"2022-05-27",0.00142839177024516,0.019844023215863,0,0,0,0.0272302316146745
"2022-05-31",0.00144391144244616,0.020972568684371,0,0,0,-0.00502651899441065
"2022-06-01",0.0014426758027854,0.0192785459624483,0,0,0,0.00202098214995779
"2022-06-02",0.00144485892412631,0.0175892970198031,0,0,0,0.00789766445026318
"2022-06-03",0.00145119960956445,0.0163070536523314,0,0,0,-0.0167466271403588
"2022-06-06",0.00143435141163042,0.0167765562912861,0,0,0,-0.0047144508872275
"2022-06-07",0.00142831660271844,0.015601189506628,0,0,0,0.0138570346614263
"2022-06-08",0.00143973564590826,0.015256299893549,0,0,0,-0.00769928836979542
"2022-06-09",0.00143017896710272,0.0145770750569645,0,0,0,-0.0210022667341944
"2022-06-10",0.00140758306629237,0.0163478604719399,0,0,0,-0.0455870967446491
"2022-06-13",0.00139654314655556,0.0244042013151069,0,0,0,-0.0433384326660038
"2022-06-14",0.00138884113622275,0.0289142632659841,0,0,0,0.00916287869435011
"2022-06-15",0.00138629646211233,0.02623559996681,0,0,0,0.0293018444731451
"2022-06-16",0.0013975646524126,0.0263764625550683,0,0,0,-0.0273404986885046
"2022-06-17",0.00138796549242563,0.02663703247592,0,0,0,0.0108807049666
"2022-06-21",0.00138785711572234,0.0243904391250224,0,0,0,0.0242936616782056
"2022-06-22",0.00139720550682483,0.0240275028895114,0,0,0,-0.00240692996031858
"2022-06-23",0.00139468664950564,0.0218336619675921,0,0,0,0.0223841842621585
"2022-06-24",0.00140500056233952,0.0216405125279063,0,0,0,0.0335795755120145
"2022-06-27",0.00142047425430277,0.0237164828051236,0,0,0,-0.0105523050552108
"2022-06-28",0.00141712849506968,0.0220667588800494,0,0,0,-0.0322639566098531
"2022-06-29",0.00139952161358289,0.0243749718664933,0,0,0,0.0146304424873683
"2022-06-30",0.00140365917415351,0.0227578256876436,0,0,0,-0.0132667439261073
"2022-07-01",0.00139669310965073,0.0215303204804595,0,0,0,0.0106505528371089
"2022-07-05",0.00140008795407653,0.0199518005313054,0,0,0,0.0125185870058443
"2022-07-06",0.00140586158360821,0.0187545337106088,0,0,0,0.0127019437300244
"2022-07-07",0.00141374893720899,0.0177488582468844,0,0,0,0.00819293410204504
"2022-07-08",0.00142016739290393,0.0164812861730589,0,0,0,-0.0027608867292982
"2022-07-11",0.00141848860357472,0.0152247981477727,0,0,0,-0.0118384606011831
"2022-07-12",0.00140557402622532,0.0150761451290604,0,0,0,-0.0418448480553384
"2022-07-13",0.00136981980591708,0.0224619298305837,0,0,0,-0.00375205321787715
"2022-07-14",0.00136479074951272,0.0205860371630464,0,0,0,0.00536702156494127
"2022-07-15",0.00136268439882304,0.0189102981169745,0,0,0,0.0103368187428306
"2022-07-18",0.00136552840910911,0.0177348453590281,0,0,0,-0.00966796187293224
"2022-07-19",0.00135643748555626,0.0169049877124432,0,0,0,0.0205542679317232
"2022-07-20",0.00137316727247753,0.0173930815700793,0,0,0,0.0105022046158527
"2022-07-21",0.00138003056881835,0.016437631783614,0,0,0,0.00975136258039998
"2022-07-22",0.00138778472507193,0.0155514917612435,0,0,0,-0.0170605813524586
"2022-07-25",0.00136905159426037,0.0161996063152724,0,0,0,-0.00589381316654505
"2022-07-26",0.00136163300330139,0.0152591484749243,0,0,0,-0.027139292179077
"2022-07-27",0.00133923195543911,0.0181682341657838,0,0,0,0.0647121860886993
"2022-07-28",0.00143134757456021,0.030870033902057,0,0,0,0.0281409012418631
"2022-07-29",0.00143985152087679,0.0299569879469745,0,0,0,0.0155437034170532
"2022-08-01",0.00144518358702278,0.0276785155832117,0,0,0,-0.00977188983947022
"2022-08-02",0.00144340201672783,0.0255028383961799,0,0,0,-0.0115407463630814
"2022-08-03",0.00143978231271654,0.0237670483412752,0,0,0,0.0274560123535465
"2022-08-04",0.00145149843721734,0.024070905396694,0,0,0,0.00416873351540118
"2022-08-05",0.00145458295087717,0.0219294381748226,0,0,0,-0.00261225791021799
"2022-08-08",0.00145451744279654,0.0200693361997035,0,0,0,-0.00919701811433159
"2022-08-09",0.00144905911882965,0.0188450233725084,0,0,0,0.00703852751141705
"2022-08-10",0.00145277482157301,0.0173949770444239,0,0,0,0.0240098328726529
"2022-08-11",0.00146991476609506,0.0184572512073267,0,0,0,-0.00742826838931074
"2022-08-12",0.00146599476368838,0.0173101349672642,0,0,0,0.0168936358381205
"2022-08-15",0.00147833038835325,0.017109783808542,0,0,0,0.00532988381220497
"2022-08-16",0.00148404923299534,0.0158156475125058,0,0,0,-0.00259306160514295
"2022-08-17",0.00148383145129031,0.0146869711968881,0,0,0,-0.00476003843825392
"2022-08-18",0.0014784060209012,0.0138524177967782,0,0,0,-0.0039553612247874
"2022-08-19",0.00147318384282331,0.0130653306342645,0,0,0,-0.0139508092698158
"2022-08-22",0.00145222169438937,0.013780739527625,0,0,0,-0.0297947203353718
"2022-08-23",0.00142859988311392,0.0180701220746751,0,0,0,-0.00472762929654579
"2022-08-24",0.00141987269860967,0.0167823135870966,0,0,0,-0.00235409267942049
"2022-08-25",0.00141092169804214,0.0155605688218334,0,0,0,0.0110342962917897
"2022-08-26",0.00141675091060867,0.0149305624601378,0,0,0,-0.0393512578043998
"2022-08-29",0.00139715858651043,0.0214781286133373,0,0,0,-0.0107253709453402
"2022-08-30",0.00138877213634104,0.0202033600603458,0,0,0,-0.00855741685542225
"2022-08-31",0.00137766683407469,0.0189388668938495,0,0,0,-0.00572040305992736
"2022-09-01",0.00136808894525264,0.017629896776175,0,0,0,-0.00410064383605911
"2022-09-02",0.00135823386102769,0.0164002370700268,0,0,0,-0.0168071183163812
"2022-09-06",0.00134401559868086,0.0168112353963338,0,0,0,-0.0110346488892402
"2022-09-07",0.001330268819185,0.0162953288133964,0,0,0,0.0189312181725737
"2022-09-08",0.00134690379250691,0.0166490650056226,0,0,0,0.00166469909332837
"2022-09-09",0.00134383911126607,0.0153904146544532,0,0,0,0.0227169507339822
"2022-09-12",0.00136812371426872,0.0166413041155429,0,0,0,0.00824692591793445
"2022-09-13",0.0013738101896978,0.0156350052864358,0,0,0,-0.0565475328622431
"2022-09-14",0.00130920797507257,0.0272106161262841,0,0,0,0.00091231834336034
"2022-09-15",0.00130657969139523,0.0247394359788845,0,0,0,-0.0274936931646917
"2022-09-16",0.00129693775922941,0.0253357896825745,0,0,0,-0.00261160680551462
"2022-09-19",0.00129249766955492,0.0231759718721202,0,0,0,-0.000899317396997379
"2022-09-20",0.00128665200094326,0.0212496364454225,0,0,0,-0.00850160160916347
"2022-09-21",0.00127873267614039,0.0198848623529052,0,0,0,-0.0145411785271941
"2022-09-22",0.00126747438210406,0.0193225898919577,0,0,0,0.00845961747096305
"2022-09-23",0.00126678782350889,0.0180261826624862,0,0,0,-0.0127794597832855
"2022-09-26",0.00125321581221504,0.0175519985031388,0,0,0,-0.00197740771671409
"2022-09-27",0.00124550624134801,0.0162449478859019,0,0,0,-0.00438948917342439
"2022-09-28",0.00123454985156948,0.0152068823049567,0,0,0,0.0195197619261808
"2022-09-29",0.00125523541480232,0.0159290870856251,0,0,0,-0.0149197242731914
"2022-09-30",0.00124060069643968,0.0161128929505606,0,0,0,-0.0195584465844006
"2022-10-03",0.00122471867074443,0.0170609693250384,0,0,0,0.0331083360612935
"2022-10-04",0.0012652278738686,0.0201806848094469,0,0,0,0.0332533396377929
"2022-10-05",0.00128355641614352,0.0224765005092306,0,0,0,0.00128493432391655
"2022-10-06",0.00128570442616566,0.0205704594171824,0,0,0,-0.00971801434154122
"2022-10-07",0.00128137636792032,0.0193861883006157,0,0,0,-0.05219154179881
"2022-10-10",0.00124423763470585,0.0277615411343347,0,0,0,-0.0215331196363725
"2022-10-11",0.00123804314992286,0.0268571230032926,0,0,0,-0.0168921449427053
"2022-10-12",0.00123054981465245,0.0255164619369399,0,0,0,0.001507226103226
"2022-10-13",0.00122701062076598,0.0232969875106383,0,0,0,0.036918038475852
"2022-10-14",0.00124735072146155,0.0256000665988236,0,0,0,-0.0245474728504292
"2022-10-17",0.00123882941299747,0.0255175379766638,0,0,0,0.0384951733644843
"2022-10-18",0.00125419698818141,0.0276252350711833,0,0,0,0.00407537904139385
"2022-10-19",0.00125511639395586,0.0252157739064991,0,0,0,-0.00850567256855905
"2022-10-20",0.00125147833965546,0.0233730236304721,0,0,0,-0.00139644141771075
"2022-10-21",0.0012498399190802,0.0214134535731017,0,0,0,0.0249662746813603
"2022-10-24",0.00126233908419258,0.0217780157221945,0,0,0,0.0209664994793351
"2022-10-25",0.00127187477559714,0.0214428121784953,0,0,0,0.0136974686805548
"2022-10-26",0.00127936725284451,0.020273683257922,0,0,0,-0.0802954058933587
"2022-10-27",0.00120231085278836,0.0369634425886409,0,0,0,-0.0199539442947715
"2022-10-28",0.00119613063825945,0.0347774904129984,0,0,0,0.0394327168005381
"2022-10-31",0.00120873142705613,0.0350910932530074,0,0,0,-0.0159832462364286
"2022-11-01",0.00120235540964517,0.0328528850508853,0,0,0,-0.0172065944018766
"2022-11-02",0.00119743876217791,0.0309435748668569,0,0,0,-0.0360089766250629
"2022-11-03",0.00118934391310829,0.0318260205860302,0,0,0,-0.0269384310545268
"2022-11-04",0.0011840837722067,0.0311481313713023,0,0,0,0.0327822946582445
"2022-11-07",0.00119091894081445,0.0310855080252532,0,0,0,0.0288494387678809
"2022-11-08",0.00119783173805705,0.0304585664680008,0,0,0,0.00437886586623329
"2022-11-09",0.00119784000410167,0.0279803681310491,0,0,0,-0.0192339071501237
"2022-11-10",0.00119127437000852,0.0268871511968641,0,0,0,0.079058885806472
"2022-11-11",0.0012334809246811,0.0389425444659702,0,0,0,0.016854446194671
"2022-11-14",0.00123731909791556,0.0362382062905993,0,0,0,-0.0227570906208514
"2022-11-15",0.00123399094896588,0.0345464900280429,0,0,0,0.00173726052958542
"2022-11-16",0.00123449410192314,0.0317722845638102,0,0,0,-0.000992350711991715
"2022-11-17",0.00123380050372477,0.0292544810076286,0,0,0,-0.00020686373959284
"2022-11-18",0.00123046479381672,0.026941666538451,0,0,0,-0.00190515692331966
"2022-11-21",0.00123046976400526,0.0247977761881172,0,0,0,0.00343493623060661
"2022-11-22",0.0012294199352612,0.0228096092516655,0,0,0,0.0122363356423511
"2022-11-23",0.00123133103743105,0.0213944910263641,0,0,0,0.0103531100756098
"2022-11-25",0.00123723703866852,0.0200045973453694,0,0,0,-0.000363584951588509
"2022-11-28",0.00123180824875626,0.0183747268230228,0,0,0,-0.0234246786276464
"2022-11-29",0.00121784393756347,0.019619439956397,0,0,0,-0.00593251962929423
"2022-11-30",0.00121060002246125,0.0183067673961428,0,0,0,0.0597994352150087
"2022-12-01",0.00128228650534155,0.0280942814038366,0,0,0,-0.00176529477221801
"2022-12-02",0.00128352804812123,0.0260454819243748,0,0,0,0.00129485411746994
"2022-12-05",0.00128466752705834,0.0241592658170975,0,0,0,-0.0190813754225852
"2022-12-06",0.00127561522847866,0.0236627560384436,0,0,0,-0.0205127114805843
"2022-12-07",0.00126703373912059,0.0234076155182425,0,0,0,-0.00306441637996849
"2022-12-08",0.00126518223594236,0.0218082641492236,0,0,0,0.0123229897861296
"2022-12-09",0.00126872349641939,0.0206823831816298,0,0,0,-0.0080354314099858
"2022-12-12",0.00126291350284512,0.0195679231004165,0,0,0,0.0284798233431927
"2022-12-13",0.00127915390572586,0.0208568358158991,0,0,0,0.0173139004979975
"2022-12-14",0.00128842760064594,0.0203005260929745,0,0,0,0.00116699744834905
"2022-12-15",0.00128794077375465,0.0188692343664115,0,0,0,-0.03243869353708
"2022-12-16",0.00126869994906456,0.0216142855389362,0,0,0,-0.0175009530542676
"2022-12-19",0.00125588080009295,0.021270011734845,0,0,0,-0.0174799355229217
"2022-12-20",0.00124540917561679,0.0209739463592113,0,0,0,0.00559877045702083
"2022-12-21",0.00124498935961705,0.0196118417071042,0,0,0,0.0108180311744681
"2022-12-22",0.00124688591366806,0.0186536763233621,0,0,0,-0.0258602948433373
"2022-12-23",0.00123302210216315,0.0200895388531495,0,0,0,0.00226453170663698
"2022-12-27",0.00122926345321086,0.0187713912318437,0,0,0,-0.00744185569897133
"2022-12-28",0.00122063875222729,0.0178219767491272,0,0,0,-0.0103078390460028
"2022-12-29",0.00120906744402866,0.0172132238524208,0,0,0,0.0272549149322597
"2022-12-30",0.00123634347858647,0.0187536135008227,0,0,0,-0.00494978445445854
"2023-01-03",0.00123045982090005,0.0176849694693653,0,0,0,-0.00100125164810215
"2023-01-04",0.00122767918806751,0.0165639415117573,0,0,0,-0.0447288008437352
"2023-01-05",0.00120741919778684,0.0228300390905075,0,0,0,-0.0300857852455497
"2023-01-06",0.00119550265290368,0.0241551702143096,0,0,0,0.0117164384743074
"2023-01-09",0.00119642175645986,0.0228039483588063,0,0,0,0.0096892694765082
"2023-01-10",0.00119918982539746,0.0214581944004603,0,0,0,0.00758825493493521
"2023-01-11",0.00119783509897923,0.0201743186418066,0,0,0,0.0297899864465422
"2023-01-12",0.00121708270365202,0.0215053449134607,0,0,0,0.0115544846243923
"2023-01-13",0.00122175616152801,0.0204191096466472,0,0,0,0.00301419410190422
"2023-01-17",0.00122275681028042,0.0190958821785903,0,0,0,0.00467076206747983
"2023-01-18",0.00122547392447162,0.0179280868585473,0,0,0,-0.019069798314893
"2023-01-19",0.0012107930391712,0.0183829791013635,0,0,0,-0.0165907940245836
"2023-01-20",0.00119917200600354,0.0184268214522241,0,0,0,0.0351195681258511
"2023-01-23",0.00122778209597133,0.0212235423891516,0,0,0,0.00977638275439041
"2023-01-24",0.00123481057169856,0.0199940961477468,0,0,0,-0.00222855112661386
"2023-01-25",0.00123210252516779,0.0188157782317979,0,0,0,-0.00592563631748241
"2023-01-26",0.00122773509019235,0.0178390903907085,0,0,0,0.0302513807283438
"2023-01-27",0.00124965603055338,0.0197239537946958,0,0,0,0.000644953263246597
"2023-01-30",0.00124758279806343,0.0185883983929688,0,0,0,-0.0222063844130607
"2023-01-31",0.00123653774407559,0.0192187617499623,0,0,0,0.0207950084907288
"2023-02-01",0.0012424889980624,0.0194763856292927,0,0,0,0.019738534394684
"2023-02-02",0.0012578155620333,0.0193290253906319,0,0,0,0.0458183937802746
"2023-02-03",0.00127467047274949,0.0241731498897781,0,0,0,-0.0239039969476617
"2023-02-06",0.00126616186927829,0.0242857724851619,0,0,0,-0.00613451217156579
"2023-02-07",0.00125426512708772,0.0228702447412571,0,0,0,0.0411630976885793
"2023-02-08",0.00127069447430739,0.0257368140733356,0,0,0,-0.00310692944904991
"2023-02-09",0.00127977738386499,0.0239732414126275,0,0,0,-0.0117282385168377
"2023-02-10",0.0012761042281922,0.0228440353682247,0,0,0,-0.00197448423807252
"2023-02-13",0.0012758162510698,0.0213633727483181,0,0,0,0.0307647480316317
"2023-02-14",0.00129139627546146,0.022595517232521,0,0,0,0.00312793498696076
"2023-02-15",0.00129295727021347,0.0211149025706442,0,0,0,-0.0105266073877593
"2023-02-16",0.00129010303217657,0.020193185503208,0,0,0,-0.0269834046585384
"2023-02-17",0.00127006601145608,0.0214476501591339,0,0,0,-0.0157247429948417
"2023-02-21",0.00126459822501441,0.0209570124481181,0,0,0,-0.0211078265243225
"2023-02-22",0.00125016102911767,0.021170421733784,0,0,0,-0.00460153931863669
"2023-02-23",0.0012435761619417,0.0199060802044686,0,0,0,0.0128784271819863
"2023-02-24",0.00124933047836401,0.0190993988816075,0,0,0,-0.0220251368480054
"2023-02-27",0.00123479416121413,0.0197317953572927,0,0,0,0.00376467263486424
"2023-02-28",0.00123007196910118,0.0184887874114778,0,0,0,-0.00296249065698477
"2023-03-01",0.00122680165068167,0.0174167495569577,0,0,0,-0.0127097274643165
"2023-03-02",0.00120162008738227,0.017038525813392,0,0,0,0.0194625951132774
"2023-03-03",0.00122711422287761,0.0173345211990386,0,0,0,0.0165090637343403
"2023-03-06",0.00123748067525906,0.017171360019788,0,0,0,0.00616996646496211
"2023-03-07",0.00124151157590196,0.0162369461559764,0,0,0,-0.0106454764479528
"2023-03-08",0.00120380976940254,0.0156906087027251,0,0,0,-0.00177217728767541
"2023-03-09",0.00123130409421655,0.0150040892401167,0,0,0,-0.00545434339050793
"2023-03-10",0.00105718533494244,0.0133762796251241,0,0,0,-0.0148931702086391
"2023-03-13",0.00109347184968737,0.014043110150494,0,0,0,0.0212143037720098
"2023-03-14",0.00123082286869727,0.0156934247802757,0,0,0,0.0266962289809839
"2023-03-15",0.00125026546124115,0.0173300435882888,0,0,0,0.0176733406830517
"2023-03-16",0.00126751816812651,0.0173497977998251,0,0,0,0.0397364145330573
"2023-03-17",0.00127855652500414,0.0213425275242598,0,0,0,0.0116265730256266
"2023-03-20",0.00129243001332343,0.0203079989527423,0,0,0,-0.0261045167778491
"2023-03-21",0.00127385281826901,0.0214179067906132,0,0,0,0.00567756694439674
"2023-03-22",0.00127099613948492,0.0200034526308666,0,0,0,-0.00545718936325067
"2023-03-23",0.00127734125398842,0.018926649787572,0,0,0,0.019529668802541
"2023-03-24",0.00128760659347684,0.0189046895900173,0,0,0,0.0104259045897844
"2023-03-27",0.00129074562790271,0.0179779554328479,0,0,0,-0.0150465178211023
"2023-03-28",0.00127478889474927,0.0177932399078637,0,0,0,-0.00416961862957867
"2023-03-29",0.00127943820545481,0.0168986027361259,0,0,0,0.0190022632054087
"2023-03-30",0.00128467777345767,0.0170624460874593,0,0,0,0.0125409040519674
"2023-03-31",0.00130274071395009,0.0165830494898161,0,0,0,0.0148513256412205
"2023-04-03",0.00131677373256113,0.0163491689215987,0,0,0,-0.003718316101009
"2023-04-04",0.00131122672669366,0.0154697720332683,0,0,0,-0.000174091677116667
"2023-04-05",0.00118604165156791,0.0140395413607374,0,0,0,-0.00993849165867896
"2023-04-06",0.00120256936282153,0.0139989201170773,0,0,0,0.0252122949269512
"2023-04-10",0.00131061454799512,0.0160140799912842,0,0,0,-0.0076077407843044
"2023-04-11",0.00132384814662347,0.0154952377589375,0,0,0,-0.0229292489173074
"2023-04-12",0.00130120779530234,0.0169984923491078,0,0,0,0.00233083874418871
"2023-04-13",0.00129721093555066,0.0159957087827545,0,0,0,0.0221521974097415
"2023-04-14",0.00131452393841471,0.0168122205411991,0,0,0,-0.0128478450486337
"2023-04-17",0.00130495514746709,0.0165984749990152,0,0,0,0.00925320548048318
"2023-04-18",0.00129951977353927,0.0158700547123932,0,0,0,-0.00149002920996135
"2023-04-19",0.00131335552356818,0.0150203673949469,0,0,0,0.000277382894188664
"2023-04-20",0.00131289228829698,0.0141987666094454,0,0,0,-0.0081454084439676
"2023-04-21",0.00128479330450916,0.0139696820578256,0,0,0,-0.00122405457079657
"2023-04-24",0.00128709508066476,0.0133439846034343,0,0,0,-0.0140611623718531
"2023-04-25",0.00126481927181306,0.0138492429239106,0,0,0,-0.0227939300173012
"2023-04-26",0.00125555378718954,0.0155884247071451,0,0,0,0.0699316024304548
"2023-04-27",0.00140627189135576,0.0291255924605594,0,0,0,0.0315254364364648
"2023-04-28",0.00141401503812041,0.0291892216744065,0,0,0,0.00794005053661422
"2023-05-01",0.00141829810120803,0.0270980463351197,0,0,0,-0.00554813602935492
"2023-05-02",0.0014174871288708,0.0252612079283963,0,0,0,-0.000491022482327367
"2023-05-03",0.00141907890676746,0.0234962468940116,0,0,0,-0.00331251020330094
"2023-05-04",0.00141821031808589,0.021958498602694,0,0,0,0.00331251020330086
"2023-05-05",0.00142078663473329,0.0205059938805217,0,0,0,0.0170117403188712
"2023-05-08",0.00142794971759207,0.0199724119823819,0,0,0,-0.00645892766979798
"2023-05-09",0.00142475061205274,0.0188898488171591,0,0,0,-0.00536020125270763
"2023-05-10",0.00142239884111226,0.0178527259296085,0,0,0,0.0171485366823062
"2023-05-11",0.0014329081460351,0.0176824293310022,0,0,0,-0.00706921102100037
"2023-05-12",0.00142814320513304,0.0168604603866686,0,0,0,-0.00368288844268302
"2023-05-15",0.0014246322846163,0.0159309179914772,0,0,0,0.00158465825570639
"2023-05-16",0.00142411562571826,0.0149680105245594,0,0,0,0.00734066399937835
"2023-05-17",0.00142959373922146,0.0142467811111155,0,0,0,0.00722347884734838
"2023-05-18",0.00143598621134965,0.013605527751956,0,0,0,0.0142922814809907
"2023-05-19",0.0014504859578712,0.0137202643893237,0,0,0,-0.000565273387535734
"2023-05-22",0.00145192668097776,0.0130098100900499,0,0,0,0.00888171963163663
"2023-05-23",0.00146266045191187,0.0126407722394534,0,0,0,-0.0186040184349486
"2023-05-24",0.00143067383040436,0.0141460871844366,0,0,0,-0.00448253043485553
"2023-05-25",0.00142462469273477,0.0135471456673183,0,0,0,0.037736787714955
"2023-05-26",0.00147289776573911,0.0184374984496398,0,0,0,0.0211601526005362
"2023-05-30",0.0014847717438186,0.0186815527275496,0,0,0,-0.005059489787019
"2023-05-31",0.00148378998047363,0.0176408451148372,0,0,0,-0.00855068884728567
"2023-06-01",0.00147933917251507,0.0169414711403799,0,0,0,0.012678506215041
"2023-06-02",0.00148843429294797,0.0164248976601298,0,0,0,0.0084434167293401
"2023-06-05",0.00149648392490367,0.015658190765153,0,0,0,0.00160872319974844
"2023-06-06",0.00149969576721807,0.0147628987200311,0,0,0,-0.00675012270016704
"2023-06-07",0.00149343985917181,0.014300915075535,0,0,0,-0.0313543475770213
"2023-06-08",0.00145179538323681,0.0179936883484945,0,0,0,0.00579676018863336
"2023-06-09",0.00145386398773555,0.0169508645763573,0,0,0,0.00469290026216207
"2023-06-12",0.00145439536306507,0.0160036914427375,0,0,0,0.0153652968294701
"2023-06-13",0.00146557885102339,0.0158884967142048,0,0,0,0.00732582013513818
"2023-06-14",0.00147109771910913,0.0151522953376995,0,0,0,0.00908244410279613
"2023-06-15",0.00148030576101956,0.0145700100375152,0,0,0,0.0313984709875249
"2023-06-16",0.00150321414435396,0.0174349017726146,0,0,0,-0.0167146107026954
"2023-06-20",0.00149000182620292,0.0176388363284384,0,0,0,-0.0125813705780111
"2023-06-21",0.00148072198939718,0.0173273486271163,0,0,0,-0.0133710543179023
"2023-06-22",0.00147053357962719,0.017133729650273,0,0,0,0.0182695532536535
"2023-06-23",0.00148195515315264,0.0172090684354266,0,0,0,-0.0139020809368975
"2023-06-26",0.00147130706061865,0.0170895725216708,0,0,0,-0.0193490259323728
"2023-06-27",0.00145721011744953,0.0176996218802091,0,0,0,0.0180049196352408
"2023-06-28",0.00146781805150722,0.0176512252914404,0,0,0,0.00381850647446497
"2023-06-29",0.00146908083803859,0.0166141722870215,0,0,0,-0.00238485729369387
"2023-06-30",0.00146512330031457,0.0157190704582422,0,0,0,0.0162528185733181
"2023-07-03",0.00147789047153548,0.0157451903243951,0,0,0,-0.00751628374596408
"2023-07-05",0.00147066032467094,0.0152084990353181,0,0,0,0.000473274774414948
"2023-07-06",0.00146959221618522,0.0143937999455498,0,0,0,0.00918436881944333
"2023-07-07",0.0014754627197924,0.0139267496809295,0,0,0,-0.0119384164905577
"2023-07-10",0.00146210539043692,0.014054193885808,0,0,0,-0.0161127467675622
"2023-07-11",0.00144447482864162,0.014722956884725,0,0,0,0.00192684087915572
"2023-07-12",0.00144202795221818,0.0139631694404758,0,0,0,0.0141265956662724
"2023-07-13",0.00145500273380944,0.0140110282436445,0,0,0,0.0160624757771264
"2023-07-14",0.00147083708944056,0.0142912880501791,0,0,0,0.00750112544663033
"2023-07-17",0.00147924472482112,0.0137220240549291,0,0,0,0.00141829625638998
"2023-07-18",0.00147968016088456,0.0130548478393348,0,0,0,0.0390282367546882
"2023-07-19",0.00151131155338296,0.0181556546277601,0,0,0,-0.0123432441624164
"2023-07-20",0.00150278295696942,0.0177617977745716,0,0,0,-0.0233930462177227
"2023-07-21",0.00148428524028614,0.0188855858698457,0,0,0,-0.00897724087592938
"2023-07-24",0.00147786175288696,0.0181072463753836,0,0,0,0.00389037768574754
"2023-07-25",0.00147891196072308,0.0170496865983868,0,0,0,0.0168660349932465
"2023-07-26",0.00149039555507978,0.0169508738945645,0,0,0,-0.0383640513023118
"2023-07-27",0.00145779680251876,0.021278534381548,0,0,0,-0.0210930945496905
"2023-07-28",0.0014461506523801,0.0214653659615367,0,0,0,0.022867875386477
"2023-07-31",0.00145711032894309,0.0214842971615201,0,0,0,-0.00726693494399728
"2023-08-01",0.00145346007164303,0.0203147311143048,0,0,0,0.00124951671866589
"2023-08-02",0.00145213958873833,0.0190471161539217,0,0,0,-0.0266344980192972
"2023-08-03",0.00143644807482954,0.0204310903858601,0,0,0,-0.00256818045031336
"2023-08-04",0.00143127850586921,0.019210870398911,0,0,0,0.0034227770106878
"2023-08-07",0.00142896374446218,0.0180652502082896,0,0,0,0.00708328061496521
"2023-08-08",0.00142919690212155,0.0171222398218222,0,0,0,-0.012375188411435
"2023-08-09",0.00141855992103005,0.0168456613204731,0,0,0,-0.011785167561146
"2023-08-10",0.00140804097201718,0.0165428575063708,0,0,0,0.00217000519154041
"2023-08-11",0.00140442535160276,0.0156091048455237,0,0,0,-0.00596330617684858
"2023-08-14",0.00139448175408023,0.0149893009465667,0,0,0,0.00939468966953338
"2023-08-15",0.00139907159252816,0.014465615154567,0,0,0,-0.00675029657194171
"2023-08-16",0.00138820819135047,0.0140164909889478,0,0,0,-0.0045464531961448
"2023-08-17",0.00137846217001431,0.0134719509182495,0,0,0,-0.0110470618805428
"2023-08-18",0.00136349505213235,0.0135580359745786,0,0,0,-0.00126310487931389
"2023-08-21",0.00135531777554075,0.0129434107377782,0,0,0,0.0169187568435847
"2023-08-22",0.00137650891728051,0.0135385338885101,0,0,0,0.0018002922576615
"2023-08-23",0.00137490273477604,0.0128843938502029,0,0,0,0.0139810733616598
"2023-08-24",0.00139034034643445,0.0130821549622288,0,0,0,-0.021732929498287
"2023-08-25",0.00136230701812798,0.0149179822100615,0,0,0,0.00936316040195454
"2023-08-28",0.00136791781179998,0.014413837582598,0,0,0,0.00222675913127756
"2023-08-29",0.00136803066250708,0.0136789155301347,0,0,0,0.0144456668523772
"2023-08-30",0.00138219721983788,0.0138078482860614,0,0,0,0.00115642130964146
"2023-08-31",0.00138341186424811,0.0131323829719483,0,0,0,-0.00313761585560153
"2023-09-01",0.00137877828960842,0.0126299401032243,0,0,0,0.00274214851452846
"2023-09-05",0.00137910149694896,0.0120770003308727,0,0,0,0.0147689974023805
"2023-09-06",0.00139844459173671,0.0125068941785043,0,0,0,-0.00201071448083868
"2023-09-07",0.00139740024107905,0.0120207542932099,0,0,0,-0.00896217468373301
"2023-09-08",0.00138330441941186,0.0121144894836441,0,0,0,0.0131291596535359
"2023-09-11",0.00139953149424898,0.0123453809795649,0,0,0,0.0109193152880149
"2023-09-12",0.00141305836340871,0.0122818645201597,0,0,0,-0.0184264071771255
"2023-09-13",0.00138003166906589,0.0137289063774509,0,0,0,0.0128477576944177
"2023-09-14",0.00139118608769372,0.0136949499660861,0,0,0,0.00782504437393012
"2023-09-15",0.00140181212325809,0.0131938506597354,0,0,0,-0.0253556608200395
"2023-09-18",0.00136303799226613,0.0157703146540759,0,0,0,-0.00351899404518252
"2023-09-19",0.00135910057327733,0.0149733359443426,0,0,0,-0.00124675024891891
"2023-09-20",0.00135423141268721,0.0142206544930547,0,0,0,-0.0242689992996154
"2023-09-21",0.00133432982595932,0.0162501847438124,0,0,0,-0.00387318928678582
"2023-09-22",0.00132660845640253,0.0154422824828831,0,0,0,-0.00791784700213488
"2023-09-25",0.00131728087438994,0.0149483947353886,0,0,0,0.00167047552831639
"2023-09-26",0.00131287852737906,0.0141633627982657,0,0,0,-0.017151989534958
"2023-09-27",0.00129778176264422,0.0149319200353947,0,0,0,0.00208023373625645
"2023-09-28",0.00129241518862007,0.0141608069061,0,0,0,0.00271379251205722
"2023-09-29",0.00129040346513159,0.0134584351370138,0,0,0,0.00670492986787939
"2023-10-02",0.00129214239437953,0.0129693569575711,0,0,0,0.0189794733276824
"2023-10-03",0.00131594775365709,0.0138468945881457,0,0,0,-0.0264818132500954
"2023-10-04",0.00128760017148173,0.0163866856205986,0,0,0,0.0176016056952161
"2023-10-05",0.00129927866157792,0.0164978261386703,0,0,0,0.00126896611969584
"2023-10-06",0.00129775523114384,0.0155740590303337,0,0,0,0.0244359688776503
"2023-10-09",0.00131773339072359,0.0168169223350496,0,0,0,0.00779208909987448
"2023-10-10",0.00132359293230335,0.0160080485068644,0,0,0,-0.0043451246558967
"2023-10-11",0.00132124619059932,0.0152590933668421,0,0,0,0.0121973031982367
"2023-10-12",0.00133137714988878,0.0149441263965105,0,0,0,-0.00379758737235889
"2023-10-13",0.00132951269161326,0.0142995929472385,0,0,0,-0.01041154360924
"2023-10-16",0.0013175825607679,0.0142112435334305,0,0,0,0.0148707254483375
"2023-10-17",0.00133043929522346,0.0143097460907546,0,0,0,-0.00174514863006247
"2023-10-18",0.00132976895963446,0.0136422232828522,0,0,0,-0.00588974322899401
"2023-10-19",0.00132096149088505,0.0132737939686417,0,0,0,0.00365874347941693
"2023-10-20",0.00132617706436588,0.0126474100244123,0,0,0,-0.014134188703984
"2023-10-23",0.00130675362307992,0.0132634258758257,0,0,0,0.008079435404146
"2023-10-24",0.00131256255343048,0.0128740755758343,0,0,0,0.00366750430027212
"2023-10-25",0.00131483392036956,0.0123229292403716,0,0,0,0.0302168400529846
"2023-10-26",0.00135001721202844,0.0155170384089413,0,0,0,-0.0382360805007008
"2023-10-27",0.00130113115256391,0.0203099200565347,0,0,0,0.00583854478994607
"2023-10-30",0.0013047533654484,0.0190438693613354,0,0,0,0.0224856577537477
"2023-10-31",0.00131626782196728,0.0193624174659214,0,0,0,0.00236889749818386
"2023-11-01",0.00131665981379808,0.0181500685797806,0,0,0,0.0232697804094531
"2023-11-02",0.00132819643248987,0.0187457699748924,0,0,0,0.00648053075212569
"2023-11-03",0.00133024541254375,0.0176663181430128,0,0,0,0.012779726646399
"2023-11-06",0.00134370049857462,0.0171084816724071,0,0,0,0.0105170636538286
"2023-11-07",0.00135177764679126,0.016448054737012,0,0,0,0.0111567832292544
"2023-11-08",0.00136083608819735,0.0158988966854468,0,0,0,0.00737847571141907
"2023-11-09",0.00136972596136981,0.0151727383314543,0,0,0,-0.00693478307221079
"2023-11-10",0.00136647468821796,0.0146672360509889,0,0,0,0.0245918521192277
"2023-11-13",0.00138225045534397,0.0160975976617221,0,0,0,-0.00812118268058029
"2023-11-14",0.00137727167150638,0.0155658694430999,0,0,0,0.00974293615114321
"2023-11-15",0.00138663824614063,0.0150181353034509,0,0,0,-0.00162175347056293
"2023-11-16",0.00138781825613143,0.0142782119857301,0,0,0,0.017430453096401
"2023-11-17",0.00140243018824984,0.0146677132799867,0,0,0,-0.0169436508366794
"2023-11-20",0.00138348964936406,0.0153111588959931,0,0,0,0.0203140976254881
"2023-11-21",0.00139676805568389,0.0159056888877062,0,0,0,-0.0116455460625814
"2023-11-22",0.00138904773921835,0.0157204779706222,0,0,0,0.0127312218699455
"2023-11-24",0.00139881726961253,0.0153936359113351,0,0,0,-0.00111217043557973
"2023-11-27",0.00139906427951897,0.0146105510267232,0,0,0,0.00312153049615162
"2023-11-28",0.00140317769197097,0.013893603633109,0,0,0,0.0107447409043557
"2023-11-29",0.00141176777988391,0.0136040812383977,0,0,0,-0.0101110440542741
"2023-11-30",0.00140200785618086,0.0135759927806682,0,0,0,0.000158361486817337
"2023-12-01",0.00140152769562968,0.012944001646391,0,0,0,-0.0116802049937321
"2023-12-04",0.00138728728095736,0.0131873715367284,0,0,0,-0.0144425289913227
"2023-12-05",0.00136997646294289,0.0137366043302241,0,0,0,0.00911475177431196
"2023-12-06",0.0013761731543729,0.0133666990212504,0,0,0,-0.0100362359710183
"2023-12-07",0.00136354921418625,0.0133525781489883,0,0,0,0.00581279095309604
"2023-12-08",0.0013652869654877,0.0128330664453626,0,0,0,0.00880329902246289
"2023-12-11",0.00137460539146174,0.0125420748795864,0,0,0,-0.00786022047496342
"2023-12-12",0.00136182483050761,0.0124243264495801,0,0,0,0.00826096319014858
"2023-12-13",0.00136843930632636,0.0121454967661984,0,0,0,-2.67111853103987e-05
"2023-12-14",0.00136797786775233,0.0116524505172155,0,0,0,-0.0228025549090275
"2023-12-15",0.00133627333763366,0.0140249541228014,0,0,0,0.0130319765774526
"2023-12-18",0.00134682216701996,0.0139586842792514,0,0,0,0.00516560647140491
"2023-12-19",0.00134988599849598,0.0133452172382055,0,0,0,0.00163558642728071
"2023-12-20",0.00135022300892809,0.0127341489126234,0,0,0,-0.00709794881912055
"2023-12-21",0.00133971415228933,0.0125242695417349,0,0,0,0.00784781494959831
"2023-12-22",0.00134581211184661,0.012212983657904,0,0,0,0.00278030441624681
"2023-12-26",0.00134636129718779,0.0117334243656744,0,0,0,0.000213549731205177
"2023-12-27",0.00134576772860668,0.0112804939968894,0,0,0,-0.00157600235630835
"2023-12-28",0.00134194572140934,0.0109143825509396,0,0,0,0.00322946834359803
"2023-12-29",0.0013445304557997,0.0106474576335131,0,0,0,0.00202310669014777
"2024-01-02",0.00134548959113965,0.0103404410791217,0,0,0,-0.0138439238215197
"2024-01-03",0.00131966796292686,0.0113495707994153,0,0,0,-0.000728283037571058
"2024-01-04",0.00131472455134181,0.010956999739076,0,0,0,-0.00720343245362226
"2024-01-05",0.00130096216758713,0.0109694340887217,0,0,0,-0.000516521916090367
"2024-01-08",0.00129482369423699,0.0105955071342075,0,0,0,0.018695657944883
"2024-01-09",0.00132794702205479,0.0119490525211121,0,0,0,0.00293145930000316
"2024-01-10",0.00133098640158661,0.0114601113667518,0,0,0,0.0184038098753285
"2024-01-11",0.00135335717895429,0.0125275437168203,0,0,0,0.00484754663095742
"2024-01-12",0.00136052197191252,0.0120344089869147,0,0,0,0.00993411351613949
"2024-01-16",0.00137247870859343,0.0119168906939801,0,0,0,0.00462286053271889
"2024-01-17",0.00138111056834532,0.0114726368035147,0,0,0,-0.00205196675995702
"2024-01-18",0.00138107388290728,0.0110846299015704,0,0,0,0.0112340650925083
"2024-01-19",0.00139609808539851,0.0112081331361084,0,0,0,0.0121131013973975
"2024-01-22",0.00141197295435212,0.0114028402709406,0,0,0,-0.00543274557370113
"2024-01-23",0.00140641794946732,0.011226839347951,0,0,0,0.00600949747353582
"2024-01-24",0.00141714399732135,0.0109163179551451,0,0,0,0.00913339516066012
"2024-01-25",0.00143119066072063,0.0108517027525267,0,0,0,0.00572187385263329
"2024-01-26",0.00144279152672901,0.0105582463152894,0,0,0,-0.00232443230275431
"2024-01-29",0.00144237899546932,0.0102863992550495,0,0,0,0.014232403946434
"2024-01-30",0.00146059931438612,0.0108999815715197,0,0,0,-0.00276179129732102
"2024-01-31",0.00145969074215218,0.0106003614088062,0,0,0,-0.0273160365646377
"2024-02-01",0.00137767869936086,0.014471515338828,0,0,0,0.0154740034757024
"2024-02-02",0.00127702218784358,0.0163779186475228,0,0,0,0.0182581759083777
"2024-02-05",0.00128999238264595,0.0164338433047704,0,0,0,-0.0136376322493815
"2024-02-06",0.00137617782697333,0.0152287269537626,0,0,0,-0.000394506502145353
"2024-02-07",0.00139483476702204,0.0143268760883547,0,0,0,0.0208905271407806
"2024-02-08",0.00137209906554197,0.0154167177877671,0,0,0,0.000144899536575013
"2024-02-09",0.00140745279263341,0.0144177594350491,0,0,0,0.0154317393921622
"2024-02-12",0.00141924216391804,0.0145466859715231,0,0,0,-0.0126585483266193
"2024-02-13",0.0014099435367625,0.0146011407861165,0,0,0,-0.0217638035888375
"2024-02-14",0.00134405911482369,0.0160918524160731,0,0,0,0.00777145647754081
"2024-02-15",0.00138613050378983,0.0152559894079744,0,0,0,-0.00718096339867646
"2024-02-16",0.00138718713155249,0.0147720256763406,0,0,0,-0.00616813778645746
"2024-02-20",0.00137970958398058,0.0142510094201548,0,0,0,-0.00314804746564937
"2024-02-21",0.00137849389762107,0.0136211967277593,0,0,0,-0.00151558472182568
"2024-02-22",0.00137066050181342,0.0130100197317378,0,0,0,0.0232737241465136
"2024-02-23",0.00136831729319717,0.0143042981877032,0,0,0,-0.00318738940637536
"2024-02-26",0.00139110153173055,0.0138095529212318,0,0,0,-0.00684699696526911
"2024-02-27",0.00138712515221209,0.0134647189681745,0,0,0,-0.00014723565092485
"2024-02-28",0.00138400369737879,0.0128377357224031,0,0,0,0.000588812578346435
"2024-02-29",0.0013833233124106,0.0123059335019712,0,0,0,0.0144153660165622
"2024-03-01",0.00139763229663867,0.0126207483829989,0,0,0,0.00448658397872851
"2024-03-04",0.00129405364129933,0.0118199742922297,0,0,0,-0.00139688373187552
"2024-03-05",0.00139064826000879,0.0115411475306145,0,0,0,-0.0300180323220735
"2024-03-06",0.00135905981905355,0.0154578572034169,0,0,0,-0.00139175408303895
"2024-03-07",0.00135350647815244,0.0146765678180079,0,0,0,0.0173814516021017
"2024-03-08",0.00136886794424008,0.0149774414945302,0,0,0,-0.00716251099727679
"2024-03-11",0.00135876830022979,0.0144765868291575,0,0,0,-0.00419370572937011
"2024-03-12",0.00135194610314638,0.0139401603531625,0,0,0,0.026251812485004
"2024-03-13",0.00138057461906474,0.0157089711019835,0,0,0,-0.000433536459980418
"2024-03-14",0.00138157425697247,0.0149139585360207,0,0,0,0.0240872269912265
