Ticker,Stationarity,Twitter_sum,Twitter_avg,Twitter_median,Twitter_negative_sum,Twitter_negative_avg,Twitter_negative_median,Twitter_positive_sum,Twitter_positive_avg,Twitter_positive_median,Granger_true,Ticker_long,Name,Market_cap,Net_income,Sector
MSFT,Yes,1248135.0,994.52988048,821.0,-61041.0,-48.63824701,-30.0,76460.0,60.92430279,36.0,False,MSFT UW Equity,Microsoft Corp,3002342062689.74,82541000000.0,Technology
AAPL,No,1847401.0,1472.03266932,1214.0,-50353.0,-40.12191235,-25.0,37902.0,30.20079681,15.0,False,AAPL UW Equity,Apple Inc,2815209325110.0,100913000000.0,Technology
NVDA,Yes,1123226.0,895.71451356,464.0,-58719.0,-46.82535885,-25.0,93981.0,74.94497608,40.0,True,NVDA UW Equity,NVIDIA Corp,1793541100000.0,18888000000.0,Technology
AMZN,Yes,1697852.0,1352.87011952,1242.0,-93719.0,-74.67649402,-54.0,84334.0,67.19840637,48.0,False,AMZN UW Equity,Amazon.com Inc,1760765002637.41,30425000000.0,Consumer Cyclical
GOOG,Yes,2287905.0,1823.03187251,1801.0,-115354.0,-91.91553785,-64.0,61882.0,49.30836653,35.0,True,GOOG UW Equity,Alphabet Inc,1754655980000.0,73795000000.0,Communication Services
META,No,1639014.0,1305.987251,1028.0,-87669.0,-69.85577689,-42.0,45158.0,35.98247012,21.0,False,META UW Equity,Meta Platforms Inc,1207110179425.16,39098000000.0,Communication Services
BRK_B,Yes,73901.0,62.31112985,44.0,-5627.0,-4.74451939,-3.0,10995.0,9.27065767,5.0,False,BRK/B UN Equity,Berkshire Hathaway Inc,880005066053.0701,76813000000.0,Financial Services
LLY,Yes,70831.0,66.38331771,43.0,-4771.0,-4.47141518,-2.0,7278.0,6.82099344,3.0,False,LLY UN Equity,Eli Lilly & Co,742415217768.2198,5240400000.0,Healthcare
TSLA,Yes,2518776.0,2006.99282869,1666.0,-274959.0,-219.09083665,-155.0,210533.0,167.75537849,116.0,True,TSLA UW Equity,Tesla Inc,636798843479.25,14997000000.0,Consumer Cyclical
AVGO,No,52132.0,54.47439916,29.0,-3005.0,-3.1400209,-1.0,5415.0,5.65830721,2.0,False,AVGO UW Equity,Broadcom Inc,583059715878.12,14082000000.0,Technology
V,Yes,110745.0,92.90687919,68.0,-6992.0,-5.86577181,-3.0,10748.0,9.01677852,5.0,True,V UN Equity,Visa Inc,574110242623.3291,17984000000.0,Financial Services
JPM,Yes,267020.0,214.12991179,174.0,-20143.0,-16.1531676,-10.0,14307.0,11.47313553,8.0,False,JPM UN Equity,JPMorgan Chase & Co,515672909286.94,49552000000.0,Financial Services
UNH,Yes,50290.0,47.80418251,31.5,-3675.0,-3.49334601,-1.0,5732.0,5.4486692,2.0,False,UNH UN Equity,UnitedHealth Group Inc,482394786564.15,22381000000.0,Healthcare
WMT,Yes,391537.0,313.98315958,242.0,-20022.0,-16.05613472,-8.0,18358.0,14.72173216,7.0,False,WMT UN Equity,Walmart Inc,458648933643.08,16292000000.0,Consumer Defensive
MA,Yes,126263.0,107.91709402,86.0,-5632.0,-4.81367521,-2.0,9974.0,8.52478632,5.0,True,MA UN Equity,Mastercard Inc,436714497895.0,11195000000.0,Financial Services
XOM,Yes,266756.0,212.72408293,166.0,-30353.0,-24.20494418,-16.0,23012.0,18.35087719,12.0,True,XOM UN Equity,Exxon Mobil Corp,411911830000.0,36010000000.0,Energy
JNJ,Yes,215005.0,187.12358573,80.0,-11319.0,-9.85117493,-3.0,10164.0,8.845953,3.0,False,JNJ UN Equity,Johnson & Johnson,377092509543.4,35153000000.0,Healthcare
PG,Yes,44091.0,43.14187867,33.0,-2399.0,-2.34735812,-1.0,4878.0,4.77299413,2.0,False,PG UN Equity,Procter & Gamble Co/The,370624346215.54,14770000000.0,Consumer Defensive
HD,Yes,31687.0,30.58590734,14.0,-4000.0,-3.86100386,-1.0,4977.0,4.80405405,2.0,True,HD UN Equity,Home Depot Inc/The,360633129173.4,15704000000.0,Consumer Cyclical
MRK,Yes,122261.0,104.58597092,74.0,-5385.0,-4.60650128,-2.0,10018.0,8.56971771,5.0,True,MRK UN Equity,Merck & Co Inc,323822809904.36,365000000.0,Healthcare
COST,Yes,9743.0,13.00801068,7.0,-741.0,-0.98931909,0.0,2031.0,2.71161549,1.0,False,COST UW Equity,Costco Wholesale Corp,321254935899.84,6517000000.0,Consumer Defensive
ABBV,Yes,64871.0,56.40956522,44.0,-4255.0,-3.7,-2.0,7983.0,6.94173913,4.0,False,ABBV UN Equity,AbbVie Inc,313365236853.29,4863000000.0,Healthcare
ORCL,No,65046.0,63.70812929,32.0,-3406.0,-3.33594515,-1.0,5676.0,5.55925563,2.0,False,ORCL UN Equity,Oracle Corp,305982507820.0,10138000000.0,Technology
CVX,Yes,138531.0,113.55,91.0,-11101.0,-9.09918033,-6.0,12755.0,10.45491803,6.0,True,CVX UN Equity,Chevron Corp,291902576068.95,21369000000.0,Energy
AMD,No,1145577.0,912.81035857,758.0,-83834.0,-66.8,-50.0,104486.0,83.25577689,63.0,False,AMD UW Equity,Advanced Micro Devices Inc,280936858044.67,854000000.0,Technology
CRM,Yes,142902.0,120.59240506,86.0,-8453.0,-7.13333333,-3.0,13179.0,11.12151899,5.0,False,CRM UN Equity,Salesforce Inc,280448960000.0,2592000000.0,Technology
BAC,Yes,113763.0,92.4902439,81.0,-12274.0,-9.97886179,-6.0,11632.0,9.45691057,6.0,False,BAC UN Equity,Bank of America Corp,269157595000.0,26515000000.0,Financial Services
KO,Yes,35441.0,45.03303685,9.0,-1259.0,-1.59974587,0.0,1618.0,2.05590851,1.0,False,KO UN Equity,Coca-Cola Co/The,256767546175.9,10714000000.0,Consumer Defensive
NFLX,Yes,689811.0,549.6501992,329.0,-58018.0,-46.22948207,-17.0,55861.0,44.51075697,22.0,True,NFLX UW Equity,Netflix Inc,252709959076.8,5407990000.0,Communication Services
ADBE,Yes,82388.0,73.49509367,51.0,-5681.0,-5.06779661,-2.0,9258.0,8.25869759,4.0,True,ADBE UW Equity,Adobe Inc,247090320000.0,5428000000.0,Technology
ACN,Yes,61060.0,57.76726585,51.0,-3140.0,-2.97067171,-1.0,5204.0,4.92336802,3.0,True,ACN UN Equity,Accenture PLC,246521323863.48,6880051000.0,Technology
PEP,Yes,43964.0,42.19193858,30.0,-2681.0,-2.57293666,-1.0,4982.0,4.78119002,2.0,False,PEP UW Equity,PepsiCo Inc,228595076352.72,9074000000.0,Consumer Defensive
MCD,Yes,314119.0,268.70744226,253.0,-7778.0,-6.65355004,-3.0,7587.0,6.49016253,3.0,False,MCD UN Equity,McDonald's Corp,211814379600.6,8468799999.999999,Consumer Cyclical
TMO,Yes,20893.0,23.74204545,16.0,-1040.0,-1.18181818,-1.0,2406.0,2.73409091,1.0,False,TMO UN Equity,Thermo Fisher Scientific Inc,211670212336.64,5995000000.0,Healthcare
LIN,No,60.0,3.0,2.0,-1.0,-0.05,0.0,11.0,0.55,0.0,False,LIN UW Equity,Linde PLC,209293280472.18,6199000000.0,Basic Materials
DIS,Yes,452659.0,459.55228426,320.0,-46734.0,-47.44568528,-30.0,37237.0,37.80406091,23.0,False,DIS UN Equity,Walt Disney Co/The,204708129426.0,2986000000.0,Communication Services
ABT,Yes,39889.0,42.98383621,22.0,-2776.0,-2.99137931,-1.0,3891.0,4.19288793,1.5,False,ABT UN Equity,Abbott Laboratories,197828360788.89,5723000000.0,Healthcare
CSCO,Yes,78556.0,67.43004292,45.0,-6799.0,-5.8360515,-2.0,9258.0,7.94678112,4.0,True,CSCO UW Equity,Cisco Systems Inc,196834761745.44,13442000000.0,Technology
TMUS,Yes,85554.0,79.21666667,55.0,-6418.0,-5.94259259,-2.0,4956.0,4.58888889,2.0,False,TMUS UW Equity,T-Mobile US Inc,190385427705.75,8317000000.0,Communication Services
WFC,Yes,38280.0,35.02287283,23.0,-6770.0,-6.19396157,-3.0,3495.0,3.19762123,2.0,False,WFC UN Equity,Wells Fargo & Co,186818899000.0,19142000000.0,Financial Services
DHR,Yes,9377.0,12.60349462,9.0,-558.0,-0.75,0.0,1016.0,1.3655914,1.0,False,DHR UN Equity,Danaher Corp,184800000000.0,4764000000.0,Healthcare
INTC,Yes,266741.0,213.90617482,156.0,-18825.0,-15.09623095,-6.0,19202.0,15.39855654,8.0,True,INTC UW Equity,Intel Corp,183960280000.0,1689000000.0,Technology
INTU,Yes,17615.0,21.9638404,15.0,-1255.0,-1.56483791,-1.0,2078.0,2.59102244,1.0,False,INTU UW Equity,Intuit Inc,183565232640.0,2585000000.0,Technology
IBM,Yes,308778.0,247.0224,212.5,-12582.0,-10.0656,-6.0,18035.0,14.428,9.0,True,IBM UN Equity,International Business Machine,171337570538.84,7502000000.0,Technology
QCOM,Yes,174119.0,146.19563392,96.0,-11373.0,-9.54911839,-4.0,15800.0,13.26616289,5.0,True,QCOM UW Equity,QUALCOMM Inc,170402040000.0,7763000000.0,Technology
VZ,Yes,114772.0,100.15008726,77.0,-5160.0,-4.5026178,-3.0,6057.0,5.28534031,3.0,False,VZ UN Equity,Verizon Communications Inc,170230991217.07,11614000000.0,Communication Services
AMAT,Yes,31012.0,32.71308017,19.0,-2208.0,-2.32911392,-1.0,4309.0,4.54535865,2.0,True,AMAT UW Equity,Applied Materials Inc,166054623318.5,7158000000.0,Technology
CMCSA,No,180302.0,152.02529511,147.0,-6685.0,-5.63659359,-3.0,4551.0,3.83726813,2.0,False,CMCSA UW Equity,Comcast Corp,163799396660.36,15388000000.0,Communication Services
UBER,Yes,256263.0,211.96277916,129.0,-19781.0,-16.36145575,-6.0,17185.0,14.21422663,7.0,True,UBER UN Equity,Uber Technologies Inc,162818161134.0,1887000000.0,Technology
GE,Yes,153408.0,128.69798658,68.0,-5854.0,-4.91107383,-2.0,7047.0,5.91191275,3.0,False,GE UN Equity,General Electric Co,162335944784.64,9481000000.0,Industrials
CAT,Yes,44860.0,42.80534351,30.0,-3949.0,-3.76812977,-1.0,4875.0,4.65171756,2.0,True,CAT UN Equity,Caterpillar Inc,160754536663.79,10335000000.0,Industrials
NKE,Yes,59683.0,53.86552347,28.5,-4554.0,-4.1101083,-1.0,5963.0,5.38176895,1.0,True,NKE UN Equity,NIKE Inc,156830285258.68,5299000000.0,Consumer Cyclical
NOW,Yes,37871.0,39.9904963,29.0,-1659.0,-1.75184794,-1.0,4195.0,4.42977825,2.0,True,NOW UN Equity,ServiceNow Inc,156825000000.0,1731000000.0,Technology
PFE,Yes,1025286.0,828.17932149,340.5,-56422.0,-45.57512116,-24.0,63671.0,51.43053312,15.0,False,PFE UN Equity,Pfizer Inc,155953935125.04,2119000000.0,Healthcare
BX,Yes,73567.0,67.18447489,53.0,-3855.0,-3.52054795,-2.0,7402.0,6.75981735,4.0,False,BX UN Equity,Blackstone Inc,155814450009.12,1390880000.0,Financial Services
AXP,Yes,40052.0,39.11328125,32.5,-2895.0,-2.82714844,-1.0,4173.0,4.07519531,2.0,False,AXP UN Equity,American Express Co,153865761924.72,8374000000.0,Financial Services
AMGN,Yes,43572.0,40.41929499,30.0,-3046.0,-2.82560297,-1.0,5434.0,5.04081633,2.0,True,AMGN UW Equity,Amgen Inc,152040192213.7,6717000000.0,Healthcare
UNP,Yes,18787.0,21.52004582,15.0,-1831.0,-2.09736541,-1.0,2011.0,2.30355097,1.0,False,UNP UN Equity,Union Pacific Corp,150365135813.26,6379000000.0,Industrials
TXN,No,23419.0,26.67312073,14.0,-2125.0,-2.42027335,-1.0,3422.0,3.89749431,1.0,False,TXN UW Equity,Texas Instruments Inc,145831556995.74,6510000000.0,Technology
MS,No,85522.0,92.05812702,74.0,-7071.0,-7.61141012,-4.0,11719.0,12.6146394,5.0,False,MS UN Equity,Morgan Stanley,141973451670.0,9087000000.0,Financial Services
PM,Yes,23489.0,25.78375412,17.0,-1304.0,-1.43139407,-1.0,2243.0,2.46212953,1.0,True,PM UN Equity,Philip Morris International In,139177733921.05,7813000000.0,Consumer Defensive
ISRG,Yes,19868.0,21.90518192,12.0,-1462.0,-1.61190739,-1.0,2934.0,3.23484013,1.0,True,ISRG UW Equity,Intuitive Surgical Inc,133401141507.69,1798000000.0,Healthcare
SPGI,No,30706.0,30.82931727,26.0,-2406.0,-2.41566265,-1.0,2458.0,2.46787149,1.0,False,SPGI UN Equity,S&P Global Inc,133043337000.0,2626000000.0,Financial Services
SYK,No,11160.0,14.36293436,10.0,-683.0,-0.87902188,0.0,1175.0,1.51222651,1.0,False,SYK UN Equity,Stryker Corp,132826227774.8,3165000000.0,Healthcare
LOW,Yes,45829.0,41.70063694,27.0,-4916.0,-4.47315742,-2.0,5218.0,4.74795268,2.0,False,LOW UN Equity,Lowe's Cos Inc,130464293310.0,7663000000.0,Consumer Cyclical
COP,Yes,29096.0,29.81147541,22.0,-2205.0,-2.25922131,-1.0,3388.0,3.47131148,2.0,True,COP UN Equity,ConocoPhillips,130075473249.76,10957000000.0,Energy
GS,Yes,203926.0,170.36424394,142.0,-19179.0,-16.02255639,-10.0,18320.0,15.30492899,9.0,False,GS UN Equity,Goldman Sachs Group Inc/The,129811694631.64,8516000000.0,Financial Services
BKNG,No,21004.0,21.85639958,15.0,-1901.0,-1.97814776,-1.0,2353.0,2.44849116,1.0,False,BKNG UW Equity,Booking Holdings Inc,129680075561.32,5302000000.0,Consumer Cyclical
HON,Yes,16797.0,24.59297218,20.0,-870.0,-1.27379209,0.0,1390.0,2.03513909,1.0,True,HON UW Equity,Honeywell International Inc,128590687872.04,5658000000.0,Industrials
UPS,Yes,86695.0,74.93085566,48.0,-7818.0,-6.75713051,-3.0,8352.0,7.21866897,3.0,True,UPS UN Equity,United Parcel Service Inc,126434276663.49,6708000000.0,Industrials
BA,Yes,486885.0,388.26555024,256.0,-72217.0,-57.58931419,-21.0,27580.0,21.99362041,14.0,False,BA UN Equity,Boeing Co/The,124400466947.45,-2222000000.0,Industrials
PLD,Yes,2241.0,7.94680851,5.0,-51.0,-0.18085106,0.0,162.0,0.57446809,0.0,False,PLD UN Equity,Prologis Inc,123369876590.0,3059214000.0,Real Estate
LRCX,Yes,23314.0,24.51524711,16.0,-1962.0,-2.06309148,-1.0,3562.0,3.74553102,2.0,False,LRCX UW Equity,Lam Research Corp,121405311090.0,3458209000.0,Technology
T,Yes,184304.0,156.58793543,123.0,-14509.0,-12.3271028,-5.0,4506.0,3.82837723,2.0,False,T UN Equity,AT&T Inc,121335500000.0,14400000000.0,Communication Services
RTX,Yes,43174.0,43.92065107,27.0,-2683.0,-2.7293998,-1.0,4672.0,4.75279756,3.0,False,RTX UN Equity,RTX Corp,120754515804.96,3195000000.0,Industrials
ELV,Yes,10490.0,13.96804261,9.0,-664.0,-0.88415446,0.0,1574.0,2.09587217,1.0,True,ELV UN Equity,Elevance Health Inc,120447101375.05,5987000000.0,Healthcare
BLK,Yes,221963.0,180.75162866,142.0,-12838.0,-10.45439739,-7.0,15102.0,12.2980456,8.0,False,BLK UN Equity,BlackRock Inc,118884918898.0,5502000000.0,Financial Services
SCHW,Yes,64502.0,62.20057859,38.0,-4177.0,-4.02796528,-2.0,4959.0,4.78206365,2.0,False,SCHW UN Equity,Charles Schwab Corp/The,117373852797.6,5067000000.0,Financial Services
PANW,No,35802.0,59.76961603,26.0,-1632.0,-2.7245409,-1.0,3828.0,6.39065109,2.0,False,PANW UW Equity,Palo Alto Networks Inc,115529073000.0,613900000.0,Technology
NEE,Yes,21129.0,22.96630435,16.0,-1208.0,-1.31304348,-1.0,2379.0,2.58586957,1.0,True,NEE UN Equity,NextEra Energy Inc,115412409248.91,7310000000.0,Utilities
MDT,Yes,32059.0,32.58028455,26.0,-2561.0,-2.60264228,-1.0,3797.0,3.85873984,2.0,False,MDT UN Equity,Medtronic PLC,112249416934.62,4101000000.0,Healthcare
TJX,Yes,15779.0,18.58539458,9.0,-1628.0,-1.91755006,-1.0,2811.0,3.31095406,1.0,True,TJX UN Equity,TJX Cos Inc/The,111733915040.64,4109000000.0,Consumer Cyclical
ETN,Yes,6227.0,9.2526003,7.0,-457.0,-0.67904903,0.0,801.0,1.19019316,0.0,True,ETN UN Equity,Eaton Corp PLC,110813736000.0,3218000000.0,Industrials
PGR,Yes,7163.0,10.10296192,7.0,-446.0,-0.62905501,0.0,605.0,0.85331453,0.0,True,PGR UN Equity,Progressive Corp/The,110750013000.0,3902400000.0,Financial Services
VRTX,No,32218.0,34.09312169,26.0,-1673.0,-1.77037037,-1.0,3525.0,3.73015873,2.0,False,VRTX UW Equity,Vertex Pharmaceuticals Inc,109057559915.2,3619600000.0,Healthcare
SBUX,No,86725.0,73.62054329,50.0,-6903.0,-5.85993209,-3.0,8413.0,7.1417657,3.0,False,SBUX UW Equity,Starbucks Corp,105543684000.0,4293700000.0,Consumer Cyclical
C,Yes,66097.0,54.98918469,46.0,-6757.0,-5.62146423,-3.0,6411.0,5.33361065,4.0,False,C UN Equity,Citigroup Inc,104385035000.0,9228000000.0,Financial Services
REGN,Yes,63804.0,58.05641492,31.0,-3944.0,-3.58871702,-1.0,6365.0,5.79162875,3.0,False,REGN UW Equity,Regeneron Pharmaceuticals Inc,104059765502.8,3953600000.0,Healthcare
ADP,Yes,13123.0,17.87874659,15.0,-558.0,-0.76021798,0.0,1051.0,1.43188011,0.0,True,ADP UW Equity,Automatic Data Processing Inc,103917689733.99,3557600000.0,Industrials
LMT,Yes,109292.0,93.6520994,74.0,-5267.0,-4.51328192,-2.0,10589.0,9.07369323,6.0,True,LMT UN Equity,Lockheed Martin Corp,102473675927.28,6920000000.0,Industrials
CB,Yes,7016.0,9.74444444,7.0,-400.0,-0.55555556,0.0,775.0,1.07638889,0.0,True,CB UN Equity,Chubb Ltd,101682151923.3,9028000000.0,Financial Services
DE,No,25054.0,29.0649652,19.0,-1860.0,-2.15777262,-1.0,2291.0,2.65777262,1.0,False,DE UN Equity,Deere & Co,100986742344.12,9958000000.0,Industrials
BMY,Yes,56603.0,49.52143482,38.0,-3661.0,-3.20297463,-2.0,7336.0,6.41819773,3.0,True,BMY UN Equity,Bristol-Myers Squibb Co,100826563472.46,8025000000.0,Healthcare
CI,Yes,19873.0,23.08130081,16.0,-1262.0,-1.46573751,-1.0,1926.0,2.2369338,1.0,False,CI UN Equity,Cigna Group/The,99770189360.0,5164000000.0,Healthcare
ABNB,Yes,87158.0,107.46979038,53.0,-6444.0,-7.94574599,-3.0,8169.0,10.07274969,4.0,False,ABNB UW Equity,Airbnb Inc,98683832669.19,4792000000.0,Consumer Cyclical
MMC,Yes,3779.0,7.40980392,4.0,-189.0,-0.37058824,0.0,348.0,0.68235294,0.0,False,MMC UN Equity,Marsh & McLennan Cos Inc,98478736058.80002,3756000000.0,Financial Services
CVS,Yes,104535.0,87.62363789,62.0,-7915.0,-6.63453479,-3.0,8341.0,6.99161777,3.0,False,CVS UN Equity,CVS Health Corp,97026460536.29999,8344000000.0,Healthcare
MDLZ,Yes,16022.0,19.65889571,15.0,-906.0,-1.11165644,0.0,1984.0,2.43435583,1.0,True,MDLZ UW Equity,Mondelez International Inc,96919444043.78001,4959000000.0,Consumer Defensive
BSX,Yes,13683.0,15.60205245,10.0,-987.0,-1.12542759,0.0,1690.0,1.92702395,1.0,True,BSX UN Equity,Boston Scientific Corp,96425166382.13998,1592000000.0,Healthcare
ADI,Yes,9797.0,14.57886905,8.0,-519.0,-0.77232143,0.0,1422.0,2.11607143,0.0,False,ADI UW Equity,Analog Devices Inc,93336842915.68001,3314579000.0,Technology
KLAC,No,7488.0,10.35684647,6.0,-555.0,-0.76763485,0.0,1241.0,1.7164592,1.0,False,KLAC UW Equity,KLA Corp,89436775088.85002,2706400000.0,Technology
GILD,Yes,140261.0,117.27508361,42.0,-10668.0,-8.91973244,-2.0,14711.0,12.30016722,4.0,False,GILD UW Equity,Gilead Sciences Inc,89191678844.1,5665000000.0,Healthcare
FI,Yes,16452.0,19.58571429,15.0,-943.0,-1.12261905,0.0,1689.0,2.01071429,1.0,True,FI UN Equity,Fiserv Inc,88851493396.63998,3068000000.0,Technology
MU,Yes,189729.0,153.75121556,96.0,-18723.0,-15.1726094,-7.0,20737.0,16.80470016,8.0,True,MU UW Equity,Micron Technology Inc,87760755960.0,-6872000000.0,Technology
AMT,Yes,2686.0,8.11480363,6.0,-58.0,-0.17522659,0.0,106.0,0.32024169,0.0,False,AMT UN Equity,American Tower Corp,87233478531.34001,714600000.0,Real Estate
ZTS,Yes,6874.0,10.10882353,6.0,-355.0,-0.52205882,0.0,906.0,1.33235294,0.0,False,ZTS UN Equity,Zoetis Inc,86257585794.84999,2344000000.0,Healthcare
SNPS,Yes,9402.0,13.50862069,8.0,-323.0,-0.46408046,0.0,1472.0,2.11494253,0.0,False,SNPS UW Equity,Synopsys Inc,84342200690.87999,1229888000.0,Technology
ANET,Yes,17337.0,21.67125,13.0,-1087.0,-1.35875,0.0,2498.0,3.1225,1.0,True,ANET UN Equity,Arista Networks Inc,81831847941.00002,2087321000.0,Technology
HCA,Yes,8863.0,11.81733333,8.0,-904.0,-1.20533333,0.0,1124.0,1.49866667,0.0,True,HCA UN Equity,HCA Healthcare Inc,81611073885.0,5242000000.0,Healthcare
EQIX,Yes,3888.0,11.46902655,8.0,-117.0,-0.34513274,0.0,204.0,0.60176991,0.0,False,EQIX UW Equity,Equinix Inc,81017723277.26999,969178000.0,Real Estate
WM,No,9051.0,11.92490119,8.0,-549.0,-0.72332016,0.0,991.0,1.30566535,0.0,False,WM UN Equity,Waste Management Inc,80938076438.58,2304000000.0,Industrials
SHW,Yes,8646.0,11.90909091,7.0,-787.0,-1.08402204,0.0,1235.0,1.70110193,0.0,False,SHW UN Equity,Sherwin-Williams Co/The,79113999097.2,2388800000.0,Basic Materials
CDNS,Yes,10546.0,14.34829932,9.0,-475.0,-0.6462585,0.0,1316.0,1.79047619,1.0,True,CDNS UW Equity,Cadence Design Systems Inc,79030981699.99998,1041144000.0,Technology
ICE,No,11913.0,11.913,10.0,-1559.0,-1.559,-1.0,2129.0,2.129,1.0,False,ICE UN Equity,Intercontinental Exchange Inc,78517164196.00002,2368000000.0,Financial Services
CME,Yes,21684.0,21.11392405,18.0,-2239.0,-2.18013632,-1.0,3140.0,3.05744888,2.0,False,CME UW Equity,CME Group Inc,76412109085.76,3226200000.0,Financial Services
ITW,Yes,3349.0,5.8857645,4.0,-296.0,-0.5202109,0.0,502.0,0.88224956,0.0,False,ITW UN Equity,Illinois Tool Works Inc,75871296000.0,2957000000.0,Industrials
GD,No,14604.0,17.55288462,13.0,-621.0,-0.74639423,0.0,1865.0,2.24158654,1.0,False,GD UN Equity,General Dynamics Corp,73821225626.88,3315000000.0,Industrials
SO,Yes,15397.0,19.12670807,13.0,-681.0,-0.84596273,0.0,986.0,1.22484472,1.0,True,SO UN Equity,Southern Co/The,72563889411.36002,3976000000.0,Utilities
CSX,Yes,17104.0,19.13199105,13.0,-1867.0,-2.08836689,-1.0,2394.0,2.67785235,1.0,True,CSX UW Equity,CSX Corp,71939413038.24,3715000000.0,Industrials
CMG,Yes,82764.0,70.55754476,43.0,-7629.0,-6.50383632,-3.0,9812.0,8.36487639,3.0,False,CMG UN Equity,Chipotle Mexican Grill Inc,71251988164.67,1228737000.0,Consumer Cyclical
MO,Yes,42379.0,39.60654206,26.0,-4072.0,-3.80560748,-1.0,4040.0,3.77570093,2.0,True,MO UN Equity,Altria Group Inc,70855894119.5,8130000000.0,Consumer Defensive
DUK,Yes,34926.0,34.47778875,30.0,-2151.0,-2.12339585,-1.0,1828.0,1.80454097,1.0,False,DUK UN Equity,Duke Energy Corp,70839480000.0,2841000000.0,Utilities
MAR,No,20360.0,21.75213675,15.0,-1735.0,-1.85363248,-1.0,2033.0,2.17200855,1.0,False,MAR UW Equity,Marriott International Inc/MD,69948342220.94,3083000000.0,Consumer Cyclical
BDX,No,7387.0,10.41889986,6.0,-555.0,-0.78279267,0.0,950.0,1.33991537,1.0,False,BDX UN Equity,Becton Dickinson & Co,69556101376.32,1256000000.0,Healthcare
SLB,Yes,23101.0,23.03190429,17.0,-1967.0,-1.96111665,-1.0,2855.0,2.84646062,2.0,True,SLB UN Equity,Schlumberger NV,69328567524.51,4203000000.0,Energy
TGT,Yes,50772.0,47.67323944,26.0,-7050.0,-6.61971831,-2.0,7345.0,6.89671362,2.0,False,TGT UN Equity,Target Corp,69069221898.0,3632000000.0,Consumer Defensive
CL,Yes,17521.0,19.4894327,18.0,-1461.0,-1.62513904,-1.0,1816.0,2.02002225,1.0,False,CL UN Equity,Colgate-Palmolive Co,68716638718.12001,2300000000.0,Consumer Defensive
MCO,Yes,7169.0,9.66172507,7.0,-675.0,-0.9097035,0.0,596.0,0.8032345,0.0,True,MCO UN Equity,Moody's Corp,67663700000.0,1607000000.0,Financial Services
NOC,No,24735.0,28.13993174,23.0,-927.0,-1.05460751,-1.0,2089.0,2.37656428,1.0,False,NOC UN Equity,Northrop Grumman Corp,67660101526.8,2056000000.0,Industrials
MCK,No,8111.0,11.24965326,7.0,-518.0,-0.7184466,0.0,1045.0,1.44937587,1.0,False,MCK UN Equity,McKesson Corp,67157518643.16,2998000000.0,Healthcare
PH,Yes,3379.0,6.58674464,4.0,-367.0,-0.71539961,0.0,575.0,1.1208577,0.0,False,PH UN Equity,Parker-Hannifin Corp,66781348731.24,2632523000.0,Industrials
EOG,No,12203.0,14.22261072,11.0,-948.0,-1.1048951,-1.0,1721.0,2.00582751,1.0,False,EOG UN Equity,EOG Resources Inc,66222468803.11999,7883000000.0,Energy
USB,Yes,19760.0,22.50569476,15.0,-1410.0,-1.60592255,-1.0,1864.0,2.12300683,1.0,False,USB UN Equity,US Bancorp,64641420000.00001,5429000000.0,Financial Services
MPC,No,15497.0,17.99883856,12.0,-1235.0,-1.43437863,0.0,1661.0,1.92915215,1.0,False,MPC UN Equity,Marathon Petroleum Corp,64552334062.77,9681000000.0,Energy
TDG,Yes,4508.0,7.15555556,3.0,-252.0,-0.4,0.0,573.0,0.90952381,0.0,False,TDG UN Equity,TransDigm Group Inc,63746461547.79001,1451000000.0,Industrials
PYPL,Yes,164080.0,150.1189387,54.0,-16226.0,-14.84537969,-2.0,17491.0,16.00274474,5.0,False,PYPL UW Equity,PayPal Holdings Inc,63382813836.96001,4246000000.0,Financial Services
APH,Yes,2809.0,5.51866405,3.0,-151.0,-0.29666012,0.0,384.0,0.75442043,0.0,True,APH UN Equity,Amphenol Corp,63296684088.56001,1928000000.0,Technology
PSX,Yes,11262.0,13.40714286,10.0,-971.0,-1.15595238,0.0,1305.0,1.55357143,1.0,True,PSX UN Equity,Phillips 66,63270011240.75001,7015000000.0,Energy
CTAS,Yes,7507.0,10.5140056,7.0,-391.0,-0.54761905,0.0,1065.0,1.49159664,0.0,True,CTAS UW Equity,Cintas Corp,62308966237.1,1431726000.0,Industrials
ORLY,No,5091.0,8.15865385,5.0,-320.0,-0.51282051,0.0,653.0,1.04647436,0.0,False,ORLY UW Equity,O'Reilly Automotive Inc,62088458031.6,2346581000.0,Consumer Cyclical
TT,Yes,3397.0,6.60894942,3.0,-247.0,-0.48054475,0.0,497.0,0.96692607,0.0,False,TT UN Equity,Trane Technologies PLC,61802247206.08001,2023900000.0,Industrials
AON,Yes,4142.0,8.10567515,5.0,-276.0,-0.54011742,0.0,376.0,0.73581213,0.0,False,AON UN Equity,Aon PLC,61718187041.4,2564000000.0,Financial Services
ECL,Yes,4360.0,8.22641509,6.0,-400.0,-0.75471698,0.0,686.0,1.29433962,1.0,True,ECL UN Equity,Ecolab Inc,61413414431.6,1372300000.0,Basic Materials
EMR,No,6681.0,9.91246291,6.0,-533.0,-0.79080119,0.0,1188.0,1.76261128,1.0,False,EMR UN Equity,Emerson Electric Co,60685955000.00001,11030000000.0,Industrials
NXPI,Yes,16162.0,19.24047619,12.0,-1057.0,-1.25833333,0.0,2359.0,2.80833333,1.0,True,NXPI UW Equity,NXP Semiconductors NV,59842327960.16,2797000000.0,Technology
FDX,Yes,106066.0,91.35745047,50.0,-10687.0,-9.20499569,-3.0,9050.0,7.79500431,3.0,True,FDX UN Equity,FedEx Corp,59371970479.32,4287000000.0,Industrials
PNC,Yes,12149.0,15.2434128,10.0,-691.0,-0.86700125,0.0,1275.0,1.59974906,1.0,True,PNC UN Equity,PNC Financial Services Group I,59242299999.99999,5578000000.0,Financial Services
ROP,Yes,164.0,2.92857143,2.0,-6.0,-0.10714286,0.0,10.0,0.17857143,0.0,True,ROP UW Equity,Roper Technologies Inc,58278942371.69,1384200000.0,Technology
MNST,Yes,35253.0,43.6299505,12.0,-684.0,-0.84653465,0.0,1554.0,1.92326733,1.0,True,MNST UW Equity,Monster Beverage Corp,57245082966.96001,1565682000.0,Consumer Defensive
NSC,Yes,19358.0,27.89337176,9.0,-3712.0,-5.34870317,-1.0,771.0,1.11095101,0.0,False,NSC UN Equity,Norfolk Southern Corp,56931175276.32,1827000000.0,Industrials
RSG,Yes,4987.0,7.66052227,4.0,-353.0,-0.5422427,0.0,572.0,0.87864823,0.0,False,RSG UN Equity,Republic Services Inc,56769864236.29001,1638300000.0,Industrials
LULU,Yes,92068.0,83.31945701,44.0,-6040.0,-5.46606335,-2.0,9485.0,8.58371041,3.0,False,LULU UW Equity,Lululemon Athletica Inc,56735359851.20001,1000533000.0,Consumer Cyclical
PCAR,No,4945.0,7.73865415,4.0,-336.0,-0.5258216,0.0,791.0,1.23787167,0.0,False,PCAR UW Equity,PACCAR Inc,56396040999.99999,4600800000.0,Industrials
FCX,Yes,38245.0,34.99085087,25.0,-3112.0,-2.84720952,-2.0,4854.0,4.44098811,2.0,False,FCX UN Equity,Freeport-McMoRan Inc,55698101858.3,1848000000.0,Basic Materials
ADSK,Yes,20562.0,23.18151071,16.0,-1465.0,-1.65163472,-1.0,2338.0,2.63585118,1.0,False,ADSK UW Equity,Autodesk Inc,55254328447.5,917000000.0,Technology
PXD,No,13236.0,16.48318804,11.0,-919.0,-1.14445828,0.0,1751.0,2.18057285,1.0,False,PXD UN Equity,Pioneer Natural Resources Co,54100106129.97,5106000000.0,Energy
MSI,Yes,13723.0,19.91727141,15.0,-446.0,-0.64731495,0.0,629.0,0.91291727,0.0,False,MSI UN Equity,Motorola Solutions Inc,53243959080.69,1709000000.0,Technology
OXY,Yes,127224.0,106.64207879,71.0,-11575.0,-9.70243085,-5.0,13555.0,11.36211232,6.0,True,OXY UN Equity,Occidental Petroleum Corp,53227306048.28001,4696000000.0,Energy
WELL,Yes,864.0,4.47668394,2.0,-22.0,-0.11398964,0.0,39.0,0.20207254,0.0,True,WELL UN Equity,Welltower Inc,52979613634.67,340094000.0,Real Estate
FTNT,Yes,25254.0,28.69772727,23.0,-1602.0,-1.82045455,-1.0,2548.0,2.89545455,1.0,False,FTNT UW Equity,Fortinet Inc,52586449613.43999,1147800000.0,Technology
EL,Yes,13314.0,16.78940731,9.0,-1142.0,-1.44010088,0.0,1486.0,1.8738966,1.0,False,EL UN Equity,Estee Lauder Cos Inc/The,52469752875.33,467000000.0,Consumer Defensive
COF,Yes,35817.0,34.97753906,21.0,-5524.0,-5.39453125,-1.0,2761.0,2.69628906,1.0,False,COF UN Equity,Capital One Financial Corp,52202291999.99999,4887000000.0,Financial Services
AJG,Yes,4499.0,7.61252115,5.0,-195.0,-0.32994924,0.0,380.0,0.642978,0.0,True,AJG UN Equity,Arthur J Gallagher & Co,51862896000.0,969500000.0,Financial Services
EW,Yes,7614.0,10.40163934,6.0,-570.0,-0.77868852,0.0,1127.0,1.53961749,1.0,False,EW UN Equity,Edwards Lifesciences Corp,51771929999.99999,1402400000.0,Healthcare
MMM,Yes,50323.0,45.09229391,32.0,-5982.0,-5.36021505,-2.0,4809.0,4.30913978,2.0,False,MMM UN Equity,3M Co,50433875000.00001,-6995000000.0,Industrials
APD,Yes,5631.0,9.96637168,7.0,-291.0,-0.51504425,0.0,508.0,0.89911504,0.0,True,APD UN Equity,Air Products and Chemicals Inc,50428993419.35,2337300000.0,Basic Materials
TRV,Yes,6600.0,9.28270042,6.0,-648.0,-0.91139241,0.0,1100.0,1.54711674,1.0,True,TRV UN Equity,Travelers Cos Inc/The,49841744845.32,2991000000.0,Financial Services
HLT,No,8595.0,11.82255846,7.0,-606.0,-0.83356259,0.0,1224.0,1.68363136,1.0,False,HLT UN Equity,Hilton Worldwide Holdings Inc,49819353541.25999,1141000000.0,Consumer Cyclical
CHTR,Yes,13814.0,16.94969325,11.0,-1194.0,-1.46503067,-1.0,1330.0,1.63190184,1.0,False,CHTR UW Equity,Charter Communications Inc,49765390750.0,4557000000.0,Communication Services
MET,Yes,28404.0,34.42909091,17.0,-1095.0,-1.32727273,-1.0,1285.0,1.55757576,1.0,True,MET UN Equity,MetLife Inc,49722106925.00999,1578000000.0,Financial Services
PSA,Yes,1268.0,5.51304348,3.0,-30.0,-0.13043478,0.0,71.0,0.30869565,0.0,False,PSA UN Equity,Public Storage,49499511268.32,2121395000.0,Real Estate
F,Yes,282099.0,227.31587429,147.0,-25899.0,-20.86946011,-10.0,24362.0,19.63094279,9.0,False,F UN Equity,Ford Motor Co,48875687228.40001,4347000000.0,Consumer Cyclical
SPG,Yes,2247.0,8.26102941,5.0,-44.0,-0.16176471,0.0,112.0,0.41176471,0.0,False,SPG UN Equity,Simon Property Group Inc,48875041479.12,2283126000.0,Real Estate
CARR,Yes,7211.0,12.41135972,6.0,-445.0,-0.76592083,0.0,899.0,1.54733219,1.0,False,CARR UN Equity,Carrier Global Corp,48511658538.0,1349000000.0,Industrials
ROST,No,8422.0,13.34706815,5.0,-957.0,-1.51664025,0.0,1131.0,1.79239303,0.0,False,ROST UW Equity,Ross Stores Inc,48506875605.28,1711880000.0,Consumer Cyclical
TFC,Yes,19878.0,22.21005587,18.0,-1892.0,-2.11396648,-1.0,2850.0,3.18435754,2.0,False,TFC UN Equity,Truist Financial Corp,48148122300.0,-1091000000.0,Financial Services
AIG,Yes,18715.0,20.18878101,15.0,-1392.0,-1.50161812,-1.0,1856.0,2.0021575,1.0,False,AIG UN Equity,American International Group I,47693993786.08,3643000000.0,Financial Services
VLO,No,15231.0,16.2724359,12.0,-1377.0,-1.47115385,-1.0,2499.0,2.66987179,2.0,False,VLO UN Equity,Valero Energy Corp,47506803526.68,8835000000.0,Energy
AZO,No,11561.0,14.36149068,9.0,-765.0,-0.95031056,0.0,1615.0,2.00621118,1.0,False,AZO UN Equity,AutoZone Inc,47169374488.32,2582571000.0,Consumer Cyclical
CPRT,Yes,3737.0,6.51045296,3.0,-226.0,-0.39372822,0.0,586.0,1.02090592,0.0,False,CPRT UW Equity,Copart Inc,47012931400.32001,1324420000.0,Industrials
CCI,Yes,2472.0,8.02597403,5.0,-76.0,-0.24675325,0.0,130.0,0.42207792,0.0,True,CCI UN Equity,Crown Castle Inc,46967479999.99999,1502000000.0,Real Estate
DHI,Yes,11698.0,14.84517766,9.0,-846.0,-1.07360406,0.0,1636.0,2.07614213,1.0,False,DHI UN Equity,DR Horton Inc,46875827428.14,4734400000.0,Consumer Cyclical
GWW,No,3470.0,5.75456053,3.0,-258.0,-0.4278607,0.0,479.0,0.79436153,0.0,False,GWW UN Equity,WW Grainger Inc,46447637570.0,1829000000.0,Industrials
COR,Yes,7457.0,11.36737805,7.0,-613.0,-0.93445122,0.0,805.0,1.22713415,0.0,False,COR UN Equity,Cencora Inc,46223967417.96,1867048000.0,Healthcare
ODFL,No,7220.0,9.84993179,7.0,-510.0,-0.6957708,0.0,888.0,1.21145975,1.0,False,ODFL UW Equity,Old Dominion Freight Line Inc,46204176786.3,1239502000.0,Industrials
IDXX,Yes,3657.0,6.03465347,3.0,-267.0,-0.44059406,0.0,494.0,0.81518152,0.0,False,IDXX UW Equity,IDEXX Laboratories Inc,46138542529.07999,845042000.0,Healthcare
AFL,No,5151.0,7.81638847,5.0,-331.0,-0.50227618,0.0,524.0,0.79514416,0.0,False,AFL UN Equity,Aflac Inc,45919663020.0,4659000000.0,Financial Services
NUE,No,15753.0,19.71589487,12.0,-1184.0,-1.48185232,-1.0,2029.0,2.53942428,1.0,False,NUE UN Equity,Nucor Corp,45622801434.42001,4524801000.0,Basic Materials
HES,Yes,8808.0,11.07924528,8.0,-618.0,-0.77735849,0.0,1394.0,1.75345912,1.0,True,HES UN Equity,Hess Corp,45590523862.4,1382000000.0,Energy
DXCM,Yes,16084.0,17.67472527,11.0,-1170.0,-1.28571429,-1.0,2151.0,2.36373626,1.0,False,DXCM UW Equity,Dexcom Inc,45124580028.05,541500000.0,Healthcare
MSCI,Yes,6838.0,9.49722222,7.0,-495.0,-0.6875,0.0,532.0,0.73888889,0.0,True,MSCI UN Equity,MSCI Inc,44983126825.0,1148592000.0,Financial Services
GM,Yes,194576.0,158.19186992,106.0,-18582.0,-15.10731707,-7.0,13951.0,11.34227642,6.0,False,GM UN Equity,General Motors Co,44676568206.9,10127000000.0,Consumer Cyclical
STZ,Yes,19488.0,21.36842105,12.0,-1662.0,-1.82236842,-1.0,2802.0,3.07236842,1.0,True,STZ UN Equity,Constellation Brands Inc,44578845624.96001,1558000000.0,Consumer Defensive
PAYX,Yes,7820.0,10.96774194,6.0,-604.0,-0.84712482,0.0,1395.0,1.95652174,1.0,False,PAYX UW Equity,Paychex Inc,44394816891.88,1629700000.0,Industrials
SRE,Yes,8641.0,13.93709677,10.0,-370.0,-0.59677419,0.0,585.0,0.94354839,0.0,False,SRE UN Equity,Sempra,44361334808.42001,2776000000.0,Utilities
HUM,Yes,61529.0,68.21396896,62.0,-1689.0,-1.87250554,-1.0,2393.0,2.65299335,1.0,True,HUM UN Equity,Humana Inc,44270114339.8,2489000000.0,Healthcare
MCHP,No,13723.0,17.89178618,13.0,-652.0,-0.85006519,0.0,1412.0,1.84093872,1.0,False,MCHP UW Equity,Microchip Technology Inc,44101060517.89,2356200000.0,Technology
TEL,Yes,5731.0,8.37865497,6.0,-413.0,-0.60380117,0.0,754.0,1.10233918,1.0,True,TEL UN Equity,TE Connectivity Ltd,43972975748.8,3316000000.0,Technology
URI,Yes,8650.0,11.84931507,8.0,-529.0,-0.72465753,0.0,1149.0,1.5739726,1.0,False,URI UN Equity,United Rentals Inc,43695386954.36999,2424000000.0,Industrials
O,Yes,5600.0,18.91891892,14.0,-67.0,-0.22635135,0.0,249.0,0.84121622,0.0,False,O UN Equity,Realty Income Corp,43527399580.89999,881169000.0,Real Estate
DLR,Yes,2874.0,8.42815249,6.0,-109.0,-0.31964809,0.0,108.0,0.31671554,0.0,False,DLR UN Equity,Digital Realty Trust Inc,43325724539.99999,948838000.0,Real Estate
KDP,Yes,6267.0,9.65639445,7.0,-362.0,-0.5577812,0.0,514.0,0.79198767,0.0,False,KDP UW Equity,Keurig Dr Pepper Inc,43306469109.91,1941000000.0,Consumer Defensive
IQV,Yes,2381.0,6.10512821,3.0,-137.0,-0.35128205,0.0,347.0,0.88974359,0.0,False,IQV UN Equity,IQVIA Holdings Inc,43305900000.0,1358000000.0,Healthcare
ALL,Yes,12899.0,14.60815402,10.0,-1510.0,-1.71007928,-1.0,1466.0,1.66024915,1.0,True,ALL UN Equity,Allstate Corp/The,42386360000.0,-188000000.0,Financial Services
KHC,Yes,34839.0,33.40268456,21.0,-3891.0,-3.73058485,-1.0,3890.0,3.72962608,2.0,False,KHC UW Equity,Kraft Heinz Co/The,42228003585.47,2855000000.0,Consumer Defensive
CNC,Yes,18895.0,22.15123095,14.0,-1548.0,-1.8147714,-1.0,2377.0,2.7866354,1.0,False,CNC UN Equity,Centene Corp,42085270160.0,2702000000.0,Healthcare
OKE,Yes,6979.0,11.57379768,7.0,-650.0,-1.07794362,0.0,919.0,1.52404643,1.0,True,OKE UN Equity,ONEOK Inc,41937827340.66,2455921000.0,Energy
AEP,Yes,5379.0,8.43103448,6.0,-267.0,-0.4184953,0.0,505.0,0.79153605,0.0,True,AEP UW Equity,American Electric Power Co Inc,41909571179.4,2256200000.0,Utilities
CEG,Yes,1659.0,5.42156863,4.0,-43.0,-0.14052288,0.0,160.0,0.52287582,0.0,False,CEG UW Equity,Constellation Energy Corp,41890101673.43999,1693000000.0,Utilities
BK,Yes,18938.0,22.68023952,16.0,-1079.0,-1.29221557,0.0,1362.0,1.63113772,1.0,False,BK UN Equity,Bank of New York Mellon Corp/T,41877821600.0,3383000000.0,Financial Services
LEN,No,17055.0,20.06470588,11.0,-1246.0,-1.46588235,0.0,2406.0,2.83058824,1.0,False,LEN UN Equity,Lennar Corp,41846943853.28001,3938511000.0,Consumer Cyclical
WMB,No,5616.0,9.37562604,7.0,-358.0,-0.59766277,0.0,769.0,1.28380634,0.0,False,WMB UN Equity,Williams Cos Inc/The,41755270000.00001,3179000000.0,Energy
LVS,Yes,28899.0,30.04054054,17.0,-2581.0,-2.68295218,-1.0,3090.0,3.21205821,1.0,True,LVS UN Equity,Las Vegas Sands Corp,41637583897.00001,1221000000.0,Consumer Cyclical
AMP,Yes,8888.0,12.41340782,7.0,-490.0,-0.68435754,0.0,972.0,1.3575419,0.0,True,AMP UN Equity,Ameriprise Financial Inc,40255845177.6,2556000000.0,Financial Services
FAST,No,5939.0,10.11754685,4.0,-500.0,-0.85178876,0.0,818.0,1.39352641,0.0,False,FAST UW Equity,Fastenal Co,40200776965.75999,1155000000.0,Industrials
LHX,Yes,6591.0,10.78723404,7.0,-328.0,-0.53682488,0.0,715.0,1.17021277,0.0,False,LHX UN Equity,L3Harris Technologies Inc,40178741983.02,1227000000.0,Industrials
AME,Yes,2956.0,6.51101322,4.0,-150.0,-0.33039648,0.0,411.0,0.90528634,0.0,True,AME UN Equity,AMETEK Inc,40133578465.73,1313188000.0,Industrials
KMB,Yes,8278.0,12.12005857,6.0,-631.0,-0.9238653,0.0,925.0,1.35431918,0.0,False,KMB UN Equity,Kimberly-Clark Corp,39849913491.42001,1764000000.0,Consumer Defensive
SYY,Yes,6467.0,9.1212976,5.0,-581.0,-0.81946403,0.0,854.0,1.2045134,0.0,False,SYY UN Equity,Sysco Corp,39577464966.0,2081974000.0,Consumer Defensive
A,Yes,17114.0,19.4698521,14.0,-1187.0,-1.35039818,-1.0,2050.0,2.33219568,1.0,True,A UN Equity,Agilent Technologies Inc,39513474091.88,1240000000.0,Healthcare
GEHC,Yes,2017.0,8.80786026,6.0,-54.0,-0.23580786,0.0,152.0,0.66375546,0.0,False,GEHC UW Equity,GE HealthCare Technologies Inc,39169828838.57999,1568000000.0,Healthcare
HSY,Yes,11258.0,14.28680203,10.0,-742.0,-0.94162437,-0.5,1442.0,1.82994924,1.0,True,HSY UN Equity,Hershey Co/The,39091872853.44,1861787000.0,Consumer Defensive
DOW,Yes,17372.0,19.30222222,16.0,-1327.0,-1.47444444,-1.0,1449.0,1.61,1.0,True,DOW UN Equity,Dow Inc,38963239662.84,589000000.0,Basic Materials
JCI,Yes,4851.0,8.45121951,5.5,-282.0,-0.4912892,0.0,492.0,0.85714286,0.0,False,JCI UN Equity,Johnson Controls International,38748784835.56,2105000000.0,Industrials
PRU,Yes,2778.0,6.02603037,4.0,-173.0,-0.37527115,0.0,241.0,0.52277657,0.0,False,PRU UN Equity,Prudential Financial Inc,38728080000.0,2488000000.0,Financial Services
CTVA,Yes,3814.0,7.03690037,4.0,-305.0,-0.56273063,0.0,504.0,0.9298893,0.0,True,CTVA UN Equity,Corteva Inc,38627424000.0,735000000.0,Basic Materials
NEM,Yes,27711.0,27.43663366,22.0,-2027.0,-2.00693069,-1.0,3213.0,3.18118812,2.0,True,NEM UN Equity,Newmont Corp,38527823806.98,-813000000.0,Basic Materials
D,Yes,12162.0,14.67068758,10.0,-958.0,-1.15560917,0.0,1206.0,1.45476478,0.0,False,D UN Equity,Dominion Energy Inc,38374405790.18,1717000000.0,Utilities
CTSH,Yes,17556.0,20.01824401,14.0,-1518.0,-1.7309008,-1.0,1570.0,1.79019384,1.0,True,CTSH UW Equity,Cognizant Technology Solutions,38333836464.0,2126000000.0,Technology
EA,Yes,39654.0,39.5748503,25.0,-2984.0,-2.97804391,-1.0,3517.0,3.50998004,1.0,False,EA UW Equity,Electronic Arts Inc,38038623591.08,1079000000.0,Communication Services
KMI,Yes,15614.0,17.02726281,12.0,-1424.0,-1.55288986,-1.0,2221.0,2.42202835,1.0,False,KMI UN Equity,Kinder Morgan Inc,38031661993.63,2391000000.0,Energy
YUM,Yes,14823.0,12.57251908,8.0,-6671.0,-5.6581849,-4.0,4910.0,4.16454623,3.0,False,YUM UN Equity,Yum! Brands Inc,37808550000.0,1597000000.0,Consumer Cyclical
CMI,No,6540.0,10.36450079,7.0,-474.0,-0.75118859,0.0,691.0,1.09508716,0.0,False,CMI UN Equity,Cummins Inc,37802012588.56,735000000.0,Industrials
FIS,Yes,6498.0,10.28164557,6.0,-459.0,-0.72626582,0.0,678.0,1.07278481,0.0,False,FIS UN Equity,Fidelity National Information,37711581203.65,-24270000000.0,Technology
OTIS,No,2030.0,6.04166667,2.5,-107.0,-0.31845238,0.0,255.0,0.75892857,0.0,False,OTIS UN Equity,Otis Worldwide Corp,36993680076.24,1406000000.0,Industrials
KVUE,Yes,170.0,5.48387097,2.0,-3.0,-0.09677419,0.0,14.0,0.4516129,0.0,False,KVUE UN Equity,Kenvue Inc,36480656369.25,1664000000.0,Consumer Defensive
GIS,Yes,18759.0,23.41947566,15.0,-1354.0,-1.69038702,0.0,1965.0,2.45318352,1.0,False,GIS UN Equity,General Mills Inc,36401755409.99999,2437000000.0,Consumer Defensive
IR,Yes,4031.0,7.0472028,5.0,-207.0,-0.36188811,0.0,368.0,0.64335664,0.0,True,IR UN Equity,Ingersoll Rand Inc,36087491341.18,778700000.0,Industrials
VRSK,No,11797.0,14.28208232,12.0,-874.0,-1.05811138,-1.0,1054.0,1.27602906,1.0,False,VRSK UW Equity,Verisk Analytics Inc,35478210742.6,501700000.0,Industrials
MPWR,Yes,4384.0,7.14006515,4.0,-338.0,-0.5504886,0.0,619.0,1.00814332,0.0,True,MPWR UW Equity,Monolithic Power Systems Inc,35084454000.0,427374000.0,Technology
PCG,Yes,72162.0,66.63157895,32.0,-6634.0,-6.1255771,-2.0,5343.0,4.93351801,1.0,True,PCG UN Equity,PG&E Corp,35053539413.83,1850000000.0,Utilities
IT,Yes,13256.0,17.23797139,14.0,-489.0,-0.63589077,0.0,904.0,1.17555267,1.0,True,IT UN Equity,Gartner Inc,34977172441.24,882466000.0,Technology
EXC,Yes,10049.0,14.75624082,12.0,-751.0,-1.10279001,0.0,717.0,1.05286344,0.0,False,EXC UW Equity,Exelon Corp,34710978020.17999,2144000000.0,Utilities
GPN,Yes,13013.0,16.16521739,12.0,-884.0,-1.09813665,0.0,1562.0,1.94037267,1.0,True,GPN UN Equity,Global Payments Inc,34619005271.34,986233000.0,Industrials
KR,Yes,54737.0,47.5973913,35.0,-5093.0,-4.42869565,-2.0,4922.0,4.28,2.0,False,KR UN Equity,Kroger Co/The,34273333015.08,1878000000.0,Consumer Defensive
VMC,Yes,3705.0,6.52288732,4.0,-238.0,-0.41901408,0.0,496.0,0.87323944,0.0,False,VMC UN Equity,Vulcan Materials Co,33902644693.05,933200000.0,Basic Materials
MRNA,No,421575.0,387.12121212,159.0,-29798.0,-27.36271809,-8.0,32996.0,30.29935721,8.0,False,MRNA UW Equity,Moderna Inc,33694066726.52,-3466000000.0,Healthcare
ON,Yes,15596.0,20.57519789,14.0,-915.0,-1.20712401,-1.0,1940.0,2.55936675,1.0,True,ON UW Equity,ON Semiconductor Corp,33605125193.28,2183700000.0,Technology
PPG,Yes,6687.0,11.35314092,7.0,-411.0,-0.69779287,0.0,704.0,1.19524618,0.0,False,PPG UN Equity,PPG Industries Inc,33384989510.15,1270000000.0,Basic Materials
MLM,Yes,2190.0,5.57251908,3.0,-164.0,-0.4173028,0.0,294.0,0.7480916,0.0,False,MLM UN Equity,Martin Marietta Materials Inc,33367832009.07,1168900000.0,Basic Materials
CSGP,Yes,5751.0,8.58358209,5.0,-378.0,-0.5641791,0.0,826.0,1.23283582,0.0,False,CSGP UW Equity,CoStar Group Inc,33240778155.2,402597000.0,Real Estate
XEL,Yes,5700.0,7.97202797,6.0,-652.0,-0.91188811,0.0,634.0,0.88671329,0.0,False,XEL UW Equity,Xcel Energy Inc,32595789963.33,1771000000.0,Utilities
CDW,Yes,2095.0,6.67197452,3.0,-179.0,-0.57006369,0.0,259.0,0.82484076,0.0,False,CDW UW Equity,CDW Corp/DE,32334014265.53,1104300000.0,Technology
ACGL,Yes,2006.0,4.72,3.0,-132.0,-0.31058824,0.0,303.0,0.71294118,0.0,True,ACGL UW Equity,Arch Capital Group Ltd,32144863000.0,4443000000.0,Financial Services
ROK,Yes,7464.0,12.13658537,9.0,-354.0,-0.57560976,0.0,478.0,0.77723577,0.0,False,ROK UN Equity,Rockwell Automation Inc,32053680393.84,1218600000.0,Industrials
NDAQ,No,19.0,1.35714286,1.0,0.0,0.0,0.0,0.0,0.0,0.0,False,NDAQ UW Equity,Nasdaq Inc,31975376469.4,1059000000.0,Financial Services
FANG,No,19404.0,21.34653465,14.0,-1820.0,-2.00220022,-1.0,2542.0,2.79647965,2.0,False,FANG UW Equity,Diamondback Energy Inc,31947192734.74,3190000000.0,Energy
FICO,Yes,3375.0,6.2849162,4.0,-204.0,-0.37988827,0.0,413.0,0.76908752,0.0,True,FICO UN Equity,Fair Isaac Corp,31861828197.42,452797000.0,Technology
BIIB,Yes,78010.0,74.36606292,34.0,-7047.0,-6.7178265,-2.0,7063.0,6.73307912,2.0,False,BIIB UW Equity,Biogen Inc,31845643625.84,1161100000.0,Healthcare
EFX,Yes,29423.0,30.58523909,17.0,-6804.0,-7.07276507,-1.0,1517.0,1.57692308,1.0,False,EFX UN Equity,Equifax Inc,31799785550.07999,545300000.0,Industrials
LYB,No,7966.0,10.86766712,8.0,-684.0,-0.93315143,0.0,874.0,1.19236016,1.0,False,LYB UN Equity,LyondellBasell Industries NV,31654800000.0,2114000000.0,Basic Materials
HAL,No,29404.0,28.57531584,19.0,-2747.0,-2.66958212,-1.0,3499.0,3.40038873,1.0,False,HAL UN Equity,Halliburton Co,31429487531.31,2638000000.0,Energy
DLTR,Yes,20592.0,24.19741481,11.0,-2174.0,-2.5546416,-1.0,2892.0,3.39835488,1.0,False,DLTR UW Equity,Dollar Tree Inc,31236299607.69,1163600000.0,Consumer Defensive
DG,Yes,34937.0,35.75946776,23.0,-3664.0,-3.75025589,-2.0,3141.0,3.21494371,1.0,False,DG UN Equity,Dollar General Corp,31058861441.0,1918596000.0,Consumer Defensive
PWR,Yes,3862.0,6.55687606,4.0,-219.0,-0.37181664,0.0,600.0,1.01867572,1.0,True,PWR UN Equity,Quanta Services Inc,30719037141.6,696353000.0,Industrials
VICI,Yes,1176.0,6.46153846,4.0,-12.0,-0.06593407,0.0,52.0,0.28571429,0.0,False,VICI UN Equity,VICI Properties Inc,30549733060.65,2369824000.0,Real Estate
ED,Yes,9012.0,12.98559078,6.0,-665.0,-0.95821326,0.0,578.0,0.83285303,0.0,False,ED UN Equity,Consolidated Edison Inc,30118727442.2,2519000000.0,Utilities
EXR,No,844.0,4.53763441,3.0,-22.0,-0.11827957,0.0,44.0,0.23655914,0.0,False,EXR UN Equity,Extra Space Storage Inc,29910601260.54,791324000.0,Real Estate
XYL,No,4891.0,8.12458472,5.0,-369.0,-0.61295681,0.0,473.0,0.78571429,0.0,False,XYL UN Equity,Xylem Inc/NY,29843018386.2,609000000.0,Industrials
PEG,Yes,4410.0,7.93165468,5.0,-284.0,-0.51079137,0.0,429.0,0.77158273,0.0,True,PEG UN Equity,Public Service Enterprise Grou,29841850038.24,2805000000.0,Utilities
RCL,Yes,72615.0,67.67474371,36.0,-7401.0,-6.89748369,-2.0,5504.0,5.12954334,2.0,True,RCL UN Equity,Royal Caribbean Cruises Ltd,29768292459.49,1697000000.0,Consumer Cyclical
FTV,Yes,2030.0,5.54644809,3.0,-168.0,-0.45901639,0.0,283.0,0.77322404,0.0,False,FTV UN Equity,Fortive Corp,29571024000.0,865800000.0,Technology
BKR,Yes,8112.0,14.40852575,10.0,-674.0,-1.19715808,0.0,644.0,1.14387211,0.0,False,BKR UW Equity,Baker Hughes Co,29175692984.9,1943000000.0,Energy
ANSS,Yes,3682.0,6.93408663,4.0,-164.0,-0.30885122,0.0,400.0,0.75329567,0.0,False,ANSS UW Equity,ANSYS Inc,28669628854.35,483597000.0,Technology
WTW,No,1574.0,5.58156028,3.5,-98.0,-0.34751773,0.0,152.0,0.53900709,0.0,False,WTW UW Equity,Willis Towers Watson PLC,28635143465.17,1055000000.0,Financial Services
ADM,Yes,10430.0,14.36639118,9.0,-758.0,-1.04407713,0.0,1247.0,1.71763085,1.0,True,ADM UN Equity,Archer-Daniels-Midland Co,28615904330.75,3937000000.0,Consumer Defensive
DD,Yes,8140.0,12.71875,3.0,-942.0,-1.471875,0.0,880.0,1.375,0.0,False,DD UN Equity,DuPont de Nemours Inc,28583547040.8,423000000.0,Basic Materials
CBRE,No,12000.0,14.65201465,13.0,-713.0,-0.87057387,0.0,1414.0,1.72649573,1.0,False,CBRE UN Equity,CBRE Group Inc,28385353557.13,986000000.0,Real Estate
HPQ,Yes,31787.0,33.28481675,21.0,-2771.0,-2.90157068,-1.0,3432.0,3.59371728,1.0,False,HPQ UN Equity,HP Inc,28319991992.42,3263000000.0,Technology
DVN,No,33391.0,33.86511156,25.0,-2184.0,-2.21501014,-1.0,3761.0,3.81440162,2.0,False,DVN UN Equity,Devon Energy Corp,27844822000.0,3796000000.0,Energy
HIG,No,3012.0,7.45544554,4.0,-222.0,-0.54950495,0.0,372.0,0.92079208,0.0,False,HIG UN Equity,Hartford Financial Services Gr,27778410000.0,2504000000.0,Financial Services
BF_B,No,1267.0,5.48484848,2.0,-146.0,-0.63203463,0.0,193.0,0.83549784,0.0,False,BF/B UN Equity,Brown-Forman Corp,27720356499.13,780000000.0,Consumer Defensive
DFS,Yes,17137.0,22.81890812,7.0,-874.0,-1.16378162,0.0,1491.0,1.98535286,0.0,False,DFS UN Equity,Discover Financial Services,27628903447.95,2940000000.0,Financial Services
GLW,No,6977.0,10.05331412,6.0,-539.0,-0.77665706,0.0,1027.0,1.47982709,0.0,False,GLW UN Equity,Corning Inc,27234365455.47,581000000.0,Technology
KEYS,Yes,6016.0,13.2803532,9.0,-267.0,-0.58940397,0.0,727.0,1.60485651,0.0,False,KEYS UN Equity,Keysight Technologies Inc,27170423432.88,1057000000.0,Technology
WST,No,1574.0,4.96529968,2.0,-73.0,-0.23028391,0.0,168.0,0.52996845,0.0,False,WST UN Equity,West Pharmaceutical Services I,26787960023.5,593400000.0,Healthcare
RMD,No,4844.0,7.78778135,5.0,-273.0,-0.43890675,0.0,441.0,0.70900322,0.0,False,RMD UN Equity,ResMed Inc,26543528451.3,890386000.0,Healthcare
TTWO,Yes,29878.0,31.95508021,19.0,-2477.0,-2.64919786,-1.0,3330.0,3.56149733,1.0,True,TTWO UW Equity,Take-Two Interactive Software,26164543719.18,-1451500000.0,Communication Services
ZBH,Yes,3515.0,6.27678571,3.0,-386.0,-0.68928571,0.0,568.0,1.01428571,0.0,False,ZBH UN Equity,Zimmer Biomet Holdings Inc,26061984468.81,1024000000.0,Healthcare
ULTA,Yes,30308.0,31.57083333,14.0,-2739.0,-2.853125,-1.0,3547.0,3.69479167,1.0,True,ULTA UW Equity,Ulta Beauty Inc,25839097580.53,1237387000.0,Consumer Cyclical
DAL,Yes,330015.0,281.58276451,239.5,-11044.0,-9.42320819,-4.0,10352.0,8.83276451,4.0,False,DAL UN Equity,Delta Air Lines Inc,25810152902.12,4609000000.0,Industrials
HWM,Yes,1988.0,6.0795107,3.0,-168.0,-0.51376147,0.0,311.0,0.95107034,0.0,True,HWM UN Equity,Howmet Aerospace Inc,25775275355.82,765000000.0,Industrials
TSCO,No,6884.0,9.69577465,6.0,-445.0,-0.62676056,0.0,950.0,1.33802817,0.0,False,TSCO UW Equity,Tractor Supply Co,25567928103.96,1107226000.0,Consumer Cyclical
MTD,Yes,3014.0,5.2877193,3.0,-299.0,-0.5245614,0.0,376.0,0.65964912,0.0,True,MTD UN Equity,Mettler-Toledo International I,25504673465.2,788778000.0,Healthcare
EIX,No,4897.0,8.18896321,5.0,-364.0,-0.60869565,0.0,518.0,0.86622074,0.0,False,EIX UN Equity,Edison International,25434384531.36,1456000000.0,Utilities
CAH,No,10693.0,13.20123457,9.0,-788.0,-0.97283951,0.0,1269.0,1.56666667,1.0,False,CAH UN Equity,Cardinal Health Inc,25405702830.85,639000000.0,Healthcare
AVB,Yes,590.0,4.01360544,3.0,-18.0,-0.12244898,0.0,27.0,0.18367347,0.0,True,AVB UN Equity,AvalonBay Communities Inc,25153716637.43999,928825000.0,Real Estate
RJF,No,22687.0,21.71004785,18.0,-2085.0,-1.99521531,-1.0,6849.0,6.55406699,4.0,False,RJF UN Equity,Raymond James Financial Inc,24767681982.86,1728000000.0,Financial Services
WEC,No,2394.0,6.09160305,4.0,-154.0,-0.39185751,0.0,286.0,0.72773537,0.0,False,WEC UN Equity,WEC Energy Group Inc,24625973835.16999,1332900000.0,Utilities
TROW,Yes,9497.0,11.91593476,9.0,-678.0,-0.85069009,0.0,941.0,1.18067754,1.0,True,TROW UW Equity,T Rowe Price Group Inc,24347256931.7,1788700000.0,Financial Services
WY,Yes,266.0,2.74226804,2.0,-9.0,-0.09278351,0.0,11.0,0.11340206,0.0,True,WY UN Equity,Weyerhaeuser Co,24066897790.0,839000000.0,Real Estate
WBD,Yes,29501.0,60.95247934,43.0,-1846.0,-3.81404959,-1.0,1240.0,2.56198347,1.0,False,WBD UW Equity,Warner Bros Discovery Inc,23971100221.54,-4827000000.0,Communication Services
AWK,Yes,6051.0,12.102,9.0,-288.0,-0.576,0.0,579.0,1.158,0.0,True,AWK UN Equity,American Water Works Co Inc,23919848402.4,944000000.0,Utilities
CHD,Yes,4176.0,7.59272727,4.0,-347.0,-0.63090909,0.0,484.0,0.88,0.0,False,CHD UN Equity,Church & Dwight Co Inc,23836509095.42,755600000.0,Consumer Defensive
WAB,No,1950.0,6.13207547,3.0,-179.0,-0.56289308,0.0,272.0,0.85534591,0.0,False,WAB UN Equity,Westinghouse Air Brake Technol,23771422564.2,815000000.0,Industrials
ALGN,Yes,17707.0,20.28293242,9.0,-1864.0,-2.13516609,-1.0,2595.0,2.97250859,1.0,True,ALGN UW Equity,Align Technology Inc,23648420729.78,445053000.0,Healthcare
NVR,Yes,1659.0,4.2106599,3.0,-137.0,-0.34771574,0.0,223.0,0.56598985,0.0,False,NVR UN Equity,NVR Inc,23547697325.55,1591611000.0,Consumer Cyclical
BRO,Yes,2108.0,6.77813505,3.0,-79.0,-0.25401929,0.0,302.0,0.97106109,0.0,False,BRO UN Equity,Brown & Brown Inc,23533574000.0,870500000.0,Financial Services
MOH,Yes,2675.0,5.63157895,3.0,-181.0,-0.38105263,0.0,345.0,0.72631579,0.0,True,MOH UN Equity,Molina Healthcare Inc,23460448000.0,1091000000.0,Healthcare
GRMN,Yes,11156.0,14.4507772,10.0,-792.0,-1.02590674,0.0,967.0,1.25259067,0.0,True,GRMN UN Equity,Garmin Ltd,23380657609.4,1040781000.0,Technology
BR,Yes,2699.0,7.4558011,4.0,-121.0,-0.33425414,0.0,209.0,0.57734807,0.0,False,BR UN Equity,Broadridge Financial Solutions,23309477584.48,683800000.0,Technology
FITB,Yes,8756.0,11.70588235,7.0,-586.0,-0.78342246,0.0,1003.0,1.34090909,1.0,False,FITB UW Equity,Fifth Third Bancorp,23110571250.0,2349000000.0,Financial Services
MTB,Yes,6017.0,9.4015625,6.0,-304.0,-0.475,0.0,513.0,0.8015625,0.0,False,MTB UN Equity,M&T Bank Corp,22980068190.0,2741000000.0,Financial Services
STE,Yes,1918.0,5.60818713,3.0,-107.0,-0.3128655,0.0,242.0,0.70760234,0.0,False,STE UN Equity,STERIS PLC,22848769313.05,566841000.0,Healthcare
ILMN,Yes,24719.0,27.5574136,18.0,-2155.0,-2.40245262,-1.0,1969.0,2.19509476,1.0,True,ILMN UW Equity,Illumina Inc,22787849000.0,-1161000000.0,Healthcare
EQR,Yes,943.0,4.46919431,3.0,-43.0,-0.20379147,0.0,89.0,0.42180095,0.0,False,EQR UN Equity,Equity Residential,22768863762.51,835438000.0,Real Estate
BLDR,Yes,5735.0,8.25179856,5.0,-359.0,-0.51654676,0.0,1074.0,1.54532374,1.0,True,BLDR UN Equity,Builders FirstSource Inc,22669903777.25,1574375000.0,Industrials
DOV,Yes,3365.0,7.36323851,4.0,-177.0,-0.38730853,0.0,452.0,0.98905908,0.0,False,DOV UN Equity,Dover Corp,22587716338.2,1056828000.0,Industrials
EBAY,Yes,32895.0,35.79434168,21.0,-2483.0,-2.70184984,-1.0,3219.0,3.50272035,1.0,False,EBAY UW Equity,eBay Inc,22550550000.0,2715000000.0,Consumer Cyclical
SBAC,Yes,424.0,4.98823529,2.0,-8.0,-0.09411765,0.0,11.0,0.12941176,0.0,False,SBAC UW Equity,SBA Communications Corp,22311038010.8,495565000.0,Real Estate
DTE,Yes,6412.0,9.36058394,6.0,-427.0,-0.62335766,0.0,541.0,0.78978102,0.0,False,DTE UN Equity,DTE Energy Co,22218568957.2,1397000000.0,Utilities
APTV,Yes,2349.0,6.43561644,4.0,-226.0,-0.61917808,0.0,351.0,0.96164384,0.0,False,APTV UN Equity,Aptiv PLC,22032685797.36,2938000000.0,Consumer Cyclical
STT,Yes,26802.0,28.03556485,24.0,-1836.0,-1.92050209,-1.0,2010.0,2.10251046,1.0,True,STT UN Equity,State Street Corp,21887889461.79,1944000000.0,Financial Services
JBHT,Yes,7721.0,11.82388974,5.0,-821.0,-1.25727412,0.0,1199.0,1.83614089,0.0,True,JBHT UW Equity,JB Hunt Transport Services Inc,21835331818.5,728287000.0,Industrials
TRGP,Yes,3500.0,6.48148148,4.0,-276.0,-0.51111111,0.0,575.0,1.06481481,1.0,False,TRGP UN Equity,Targa Resources Corp,21632680889.22,1345900000.0,Energy
PHM,Yes,9867.0,12.93184797,9.0,-565.0,-0.74049803,0.0,1198.0,1.57011796,1.0,False,PHM UN Equity,PulteGroup Inc,21518808559.75,2602372000.0,Consumer Cyclical
FE,Yes,10832.0,18.39049236,10.0,-940.0,-1.5959253,0.0,992.0,1.68421053,0.0,False,FE UN Equity,FirstEnergy Corp,21478343381.5,1102000000.0,Utilities
LYV,Yes,25244.0,29.87455621,20.0,-2300.0,-2.72189349,-1.0,1526.0,1.80591716,1.0,False,LYV UN Equity,Live Nation Entertainment Inc,21477839820.0,570974000.0,Communication Services
PTC,Yes,2543.0,6.94808743,3.5,-152.0,-0.41530055,0.0,305.0,0.83333333,0.0,False,PTC UW Equity,PTC Inc,21303043046.95,236892000.0,Technology
VLTO,No,10.0,5.0,5.0,0.0,0.0,0.0,1.0,0.5,0.5,False,VLTO UN Equity,Veralto Corp,21212576000.0,839000000.0,Industrials
WRB,Yes,2007.0,5.48360656,3.0,-88.0,-0.24043716,0.0,261.0,0.71311475,0.0,True,WRB UN Equity,W R Berkley Corp,21193182450.0,1381359000.0,Financial Services
ETR,Yes,12382.0,15.95618557,11.0,-1147.0,-1.47809278,-1.0,645.0,0.83118557,0.0,False,ETR UN Equity,Entergy Corp,21177277138.2,1471679000.0,Utilities
BAX,Yes,6464.0,9.28735632,6.0,-533.0,-0.7658046,0.0,754.0,1.08333333,0.0,False,BAX UN Equity,Baxter International Inc,20932646953.14,2656000000.0,Healthcare
ARE,Yes,1449.0,5.53053435,3.5,-50.0,-0.19083969,0.0,59.0,0.22519084,0.0,False,ARE UN Equity,Alexandria Real Estate Equitie,20870213933.52,103639000.0,Real Estate
IFF,Yes,4084.0,8.38603696,5.0,-265.0,-0.54414784,0.0,417.0,0.85626283,0.0,False,IFF UN Equity,International Flavors & Fragra,20726112889.46,18000000.0,Basic Materials
ES,Yes,1040.0,2.73684211,2.0,-63.0,-0.16578947,0.0,87.0,0.22894737,0.0,False,ES UN Equity,Eversource Energy,20550681929.05,-442240000.0,Utilities
TDY,Yes,4036.0,7.1056338,4.0,-137.0,-0.24119718,0.0,612.0,1.07746479,0.0,True,TDY UN Equity,Teledyne Technologies Inc,20396057125.22,885700000.0,Technology
LUV,Yes,256223.0,238.5689013,196.5,-9860.0,-9.18063315,-2.0,4259.0,3.96554935,2.0,False,LUV UN Equity,Southwest Airlines Co,20244827265.39,465000000.0,Industrials
AXON,No,13081.0,16.33083645,10.0,-772.0,-0.96379526,0.0,1235.0,1.54182272,1.0,False,AXON UW Equity,Axon Enterprise Inc,20217147603.8,146131000.0,Industrials
INVH,Yes,802.0,4.9202454,3.0,-34.0,-0.20858896,0.0,53.0,0.32515337,0.0,False,INVH UN Equity,Invitation Homes Inc,20011034415.3,519470000.0,Real Estate
STLD,Yes,8624.0,11.66982409,6.0,-608.0,-0.82273342,0.0,1340.0,1.81326116,1.0,True,STLD UW Equity,Steel Dynamics Inc,19958443409.8,2450882000.0,Basic Materials
GPC,Yes,2192.0,5.64948454,3.0,-109.0,-0.28092784,0.0,264.0,0.68041237,0.0,False,GPC UN Equity,Genuine Parts Co,19948321458.03,1316524000.0,Consumer Cyclical
ROL,No,2110.0,5.94366197,2.0,-188.0,-0.52957746,0.0,204.0,0.57464789,0.0,False,ROL UN Equity,Rollins Inc,19863483929.7,434957000.0,Consumer Cyclical
IRM,Yes,1028.0,3.63250883,3.0,-31.0,-0.10954064,0.0,61.0,0.2155477,0.0,True,IRM UN Equity,Iron Mountain Inc,19849450832.64,278189000.0,Real Estate
CBOE,No,22680.0,24.89571899,22.0,-1407.0,-1.54445664,-1.0,2351.0,2.58068057,2.0,False,CBOE UF Equity,Cboe Global Markets Inc,19711021623.09,761400000.0,Financial Services
PPL,Yes,3021.0,7.10823529,4.0,-229.0,-0.53882353,0.0,398.0,0.93647059,0.0,True,PPL UN Equity,PPL Corp,19636993722.96,740000000.0,Utilities
FLT,Yes,2757.0,5.86595745,3.0,-278.0,-0.59148936,0.0,403.0,0.85744681,0.0,False,FLT UN Equity,FleetCor Technologies Inc,19612084975.74,981890000.0,Technology
VRSN,Yes,3157.0,5.76094891,3.0,-250.0,-0.45620438,0.0,342.0,0.62408759,0.0,True,VRSN UW Equity,VeriSign Inc,19598816000.0,817600000.0,Technology
BALL,No,3816.0,7.88429752,5.0,-222.0,-0.45867769,0.0,332.0,0.68595041,0.0,False,BALL UN Equity,Ball Corp,19577137813.1,707000000.0,Consumer Cyclical
HPE,Yes,25703.0,30.16784038,20.0,-1313.0,-1.54107981,0.0,2210.0,2.59389671,1.0,True,HPE UN Equity,Hewlett Packard Enterprise Co,19406365601.5,2025000000.0,Technology
DRI,Yes,9521.0,13.26044568,5.0,-936.0,-1.30362117,0.0,1510.0,2.10306407,1.0,False,DRI UN Equity,Darden Restaurants Inc,19399480679.98,1008300000.0,Consumer Cyclical
HUBB,Yes,1316.0,4.52233677,2.0,-86.0,-0.29553265,0.0,158.0,0.54295533,0.0,False,HUBB UN Equity,Hubbell Inc,19245641969.28,759800000.0,Industrials
WAT,Yes,2880.0,5.93814433,3.0,-167.0,-0.3443299,0.0,207.0,0.42680412,0.0,False,WAT UN Equity,Waters Corp,19228684190.17,642234000.0,Healthcare
PFG,Yes,4090.0,8.5031185,6.0,-157.0,-0.32640333,0.0,386.0,0.8024948,0.0,True,PFG UW Equity,Principal Financial Group Inc,19082505524.52,623200000.0,Financial Services
K,No,10761.0,14.98746518,9.0,-792.0,-1.10306407,0.0,972.0,1.35376045,0.0,False,K UN Equity,Kellanova,18999570144.21,951000000.0,Consumer Defensive
WBA,Yes,65483.0,61.77641509,39.0,-6386.0,-6.0245283,-3.0,4643.0,4.38018868,2.0,False,WBA UW Equity,Walgreens Boots Alliance Inc,18955014083.46,574000000.0,Healthcare
TSN,Yes,34640.0,34.60539461,20.0,-5328.0,-5.32267732,-2.0,3224.0,3.22077922,1.0,True,TSN UN Equity,Tyson Foods Inc,18929223183.36,-857000000.0,Consumer Defensive
CLX,Yes,22992.0,25.83370787,11.0,-2401.0,-2.69775281,-1.0,2144.0,2.40898876,1.0,False,CLX UN Equity,Clorox Co/The,18746261599.65,80000000.0,Consumer Defensive
HBAN,Yes,5895.0,9.6009772,6.0,-437.0,-0.71172638,0.0,654.0,1.06514658,0.0,False,HBAN UW Equity,Huntington Bancshares Inc/OH,18640211256.81,1951000000.0,Financial Services
TYL,Yes,4448.0,8.25231911,5.0,-187.0,-0.34693878,0.0,339.0,0.62894249,0.0,True,TYL UN Equity,Tyler Technologies Inc,18575923542.28,165919000.0,Technology
CTRA,Yes,7768.0,12.25236593,9.0,-536.0,-0.84542587,0.0,968.0,1.52681388,1.0,False,CTRA UN Equity,Coterra Energy Inc,18564090909.2,2241000000.0,Energy
CCL,No,198785.0,179.57091238,123.0,-16949.0,-15.31074977,-7.0,14712.0,13.2899729,7.0,False,CCL UN Equity,Carnival Corp,18547416186.97702,-74000000.0,Consumer Cyclical
J,Yes,2797.0,7.87887324,4.0,-160.0,-0.45070423,0.0,334.0,0.94084507,0.0,False,J UN Equity,Jacobs Solutions Inc,18538545146.58,701740000.0,Industrials
COO,No,5.0,1.66666667,2.0,0.0,0.0,0.0,1.0,0.33333333,0.0,False,COO UW Equity,Cooper Cos Inc/The,18483421012.8,294200000.0,Healthcare
EXPE,Yes,33958.0,34.40526849,22.0,-3238.0,-3.28064843,-1.0,3325.0,3.36879433,1.0,True,EXPE UW Equity,Expedia Group Inc,18433014079.75,797000000.0,Consumer Cyclical
LH,Yes,9699.0,14.32644018,9.0,-510.0,-0.75332349,0.0,620.0,0.91580502,0.0,False,LH UN Equity,Laboratory Corp of America Hol,18392736000.0,418000000.0,Healthcare
STX,Yes,3469.0,6.21684588,3.0,-651.0,-1.16666667,0.0,585.0,1.0483871,0.0,False,STX UW Equity,Seagate Technology Holdings PL,18336379002.08,-728000000.0,Technology
AEE,Yes,3375.0,6.80443548,4.0,-229.0,-0.46169355,0.0,351.0,0.70766129,0.0,False,AEE UN Equity,Ameren Corp,18277310286.48,1157000000.0,Utilities
EXPD,Yes,3653.0,6.37521815,4.0,-325.0,-0.56719023,0.0,350.0,0.61082024,0.0,True,EXPD UN Equity,Expeditors International of Wa,18051544303.36,813440000.0,Industrials
EPAM,Yes,8396.0,12.45697329,7.0,-524.0,-0.77744807,0.0,844.0,1.25222552,0.0,True,EPAM UN Equity,EPAM Systems Inc,18028388260.0,417083000.0,Technology
ENPH,No,178123.0,146.96617162,100.0,-13187.0,-10.88036304,-5.0,16512.0,13.62376238,8.0,False,ENPH UQ Equity,Enphase Energy Inc,17902584033.93,438936000.0,Technology
MKC,Yes,5775.0,9.99134948,5.0,-473.0,-0.8183391,0.0,773.0,1.33737024,0.0,False,MKC UN Equity,McCormick & Co Inc/MD,17732970978.5,680600000.0,Consumer Defensive
JBL,Yes,9232.0,13.26436782,8.0,-400.0,-0.57471264,0.0,1179.0,1.69396552,0.0,True,JBL UN Equity,Jabil Inc,17665067123.5,789000000.0,Technology
NTAP,Yes,14512.0,18.46310433,11.0,-1054.0,-1.34096692,0.0,1867.0,2.37531807,1.0,False,NTAP UW Equity,NetApp Inc,17658921038.37,692000000.0,Technology
VTR,Yes,698.0,4.01149425,2.0,-24.0,-0.13793103,0.0,49.0,0.2816092,0.0,False,VTR UN Equity,Ventas Inc,17611718697.04,-40973000.0,Real Estate
WDC,Yes,27497.0,27.19782394,17.0,-2733.0,-2.70326409,-1.0,3393.0,3.35608309,1.0,False,WDC UW Equity,Western Digital Corp,17596426230.0,-2259000000.0,Technology
CINF,No,2591.0,5.51276596,3.0,-240.0,-0.5106383,0.0,306.0,0.65106383,0.0,False,CINF UW Equity,Cincinnati Financial Corp,17551697559.2,1843000000.0,Financial Services
CNP,Yes,3794.0,6.89818182,4.0,-220.0,-0.4,0.0,305.0,0.55454545,0.0,False,CNP UN Equity,CenterPoint Energy Inc,17548575479.28,859000000.0,Utilities
FDS,No,13349.0,15.27345538,13.0,-917.0,-1.04919908,-1.0,1615.0,1.84782609,1.0,False,FDS UN Equity,FactSet Research Systems Inc,17459561986.96,479930000.0,Financial Services
OMC,Yes,7746.0,12.67757774,8.0,-410.0,-0.6710311,0.0,716.0,1.17184943,0.0,True,OMC UN Equity,Omnicom Group Inc,17326342664.67,1391400000.0,Communication Services
HOLX,Yes,4587.0,8.34,4.0,-325.0,-0.59090909,0.0,713.0,1.29636364,0.0,False,HOLX UW Equity,Hologic Inc,17320838934.59,515100000.0,Healthcare
IEX,Yes,1985.0,4.73747017,2.0,-165.0,-0.39379475,0.0,342.0,0.81622912,0.0,False,IEX UN Equity,IDEX Corp,17202541356.33,596100000.0,Industrials
ATO,Yes,3250.0,6.53923541,4.0,-163.0,-0.32796781,0.0,281.0,0.56539235,0.0,False,ATO UN Equity,Atmos Energy Corp,17188184840.55,925294000.0,Utilities
RF,Yes,5162.0,8.33925687,6.0,-380.0,-0.61389338,0.0,567.0,0.91599354,0.0,False,RF UN Equity,Regions Financial Corp,17187600054.24,2074000000.0,Financial Services
AVY,Yes,3114.0,6.99775281,4.0,-139.0,-0.31235955,0.0,300.0,0.6741573,0.0,False,AVY UN Equity,Avery Dennison Corp,16817346784.74,503000000.0,Consumer Cyclical
LDOS,Yes,5623.0,9.66151203,6.0,-323.0,-0.55498282,0.0,648.0,1.11340206,0.0,True,LDOS UN Equity,Leidos Holdings Inc,16813550842.83,199000000.0,Technology
FSLR,Yes,37907.0,40.36954207,26.0,-2545.0,-2.71033014,-1.0,4201.0,4.47390841,2.0,True,FSLR UW Equity,First Solar Inc,16771870178.7,473990000.0,Technology
CMS,No,2756.0,5.80210526,3.0,-183.0,-0.38526316,0.0,262.0,0.55157895,0.0,False,CMS UN Equity,CMS Energy Corp,16709299482.09,887000000.0,Utilities
SWKS,Yes,13770.0,16.0864486,8.0,-1332.0,-1.55607477,-1.0,2181.0,2.5478972,1.0,False,SWKS UW Equity,Skyworks Solutions Inc,16623436191.25,904700000.0,Technology
TXT,Yes,5719.0,8.24063401,5.0,-416.0,-0.59942363,0.0,795.0,1.14553314,0.0,True,TXT UN Equity,Textron Inc,16525657631.89,921000000.0,Industrials
L,Yes,2376.0,5.43707094,3.0,-153.0,-0.35011442,0.0,243.0,0.55606407,0.0,False,L UN Equity,Loews Corp,16518432673.26,1434000000.0,Financial Services
AKAM,No,17024.0,20.0754717,13.0,-1064.0,-1.25471698,0.0,1576.0,1.85849057,1.0,False,AKAM UW Equity,Akamai Technologies Inc,16469298909.92,547629000.0,Technology
CE,No,3958.0,6.7890223,4.0,-295.0,-0.50600343,0.0,555.0,0.95197256,0.0,False,CE UN Equity,Celanese Corp,16443661527.02,2029000000.0,Basic Materials
NTRS,No,8763.0,12.10359116,8.0,-569.0,-0.7859116,0.0,773.0,1.06767956,0.0,False,NTRS UW Equity,Northern Trust Corp,16399823700.0,1107300000.0,Financial Services
SYF,Yes,7090.0,10.79147641,6.0,-498.0,-0.75799087,0.0,889.0,1.35312024,0.0,False,SYF UN Equity,Synchrony Financial,16094732895.12,2238000000.0,Financial Services
MAS,Yes,2434.0,5.66046512,3.0,-203.0,-0.47209302,0.0,307.0,0.71395349,0.0,False,MAS UN Equity,Masco Corp,16078002644.6,908000000.0,Industrials
EG,Yes,1590.0,4.73214286,2.0,-130.0,-0.38690476,0.0,206.0,0.61309524,0.0,False,EG UN Equity,Everest Group Ltd,15965558000.0,2517000000.0,Financial Services
BBY,Yes,39319.0,39.24051896,20.0,-4055.0,-4.04690619,-1.0,4839.0,4.82934132,1.0,True,BBY UN Equity,Best Buy Co Inc,15885452787.5,1276000000.0,Consumer Cyclical
HRL,Yes,6827.0,10.34393939,6.0,-466.0,-0.70606061,0.0,796.0,1.20606061,0.0,True,HRL UN Equity,Hormel Foods Corp,15852893223.44,793572000.0,Consumer Defensive
VTRS,Yes,18808.0,21.06159015,10.0,-2180.0,-2.44120941,-1.0,2153.0,2.41097424,1.0,False,VTRS UW Equity,Viatris Inc,15667703260.0,1831500000.0,Healthcare
TER,Yes,6603.0,10.77161501,6.0,-475.0,-0.77487765,0.0,941.0,1.53507341,0.0,False,TER UW Equity,Teradyne Inc,15630321150.72,448752000.0,Technology
EQT,Yes,10516.0,13.41326531,9.0,-822.0,-1.04846939,0.0,1103.0,1.40688776,1.0,True,EQT UN Equity,EQT Corp,15282816900.0,1735232000.0,Energy
NWS,Yes,21790.0,23.91877058,15.0,-2412.0,-2.64763996,-2.0,1516.0,1.66410538,1.0,False,NWS UW Equity,News Corp,15209747614.76,228000000.0,Communication Services
ESS,Yes,680.0,4.12121212,3.0,-31.0,-0.18787879,0.0,35.0,0.21212121,0.0,False,ESS UN Equity,Essex Property Trust Inc,15106824262.48,405825000.0,Real Estate
MAA,No,509.0,4.42608696,2.0,-12.0,-0.10434783,0.0,27.0,0.23478261,0.0,False,MAA UN Equity,Mid-America Apartment Communit,15072524504.17,552806000.0,Real Estate
NDSN,Yes,2653.0,6.42372881,2.0,-228.0,-0.55205811,0.0,417.0,1.00968523,0.0,False,NDSN UW Equity,Nordson Corp,15056221985.82,487493000.0,Industrials
PKG,No,2281.0,5.48317308,2.0,-240.0,-0.57692308,0.0,314.0,0.75480769,0.0,False,PKG UN Equity,Packaging Corp of America,15055089410.06,765200000.0,Consumer Cyclical
TRMB,Yes,4425.0,7.18344156,4.0,-274.0,-0.44480519,0.0,433.0,0.70292208,0.0,True,TRMB UW Equity,Trimble Inc,14998196493.85,311300000.0,Technology
POOL,Yes,3070.0,6.29098361,3.0,-195.0,-0.39959016,0.0,380.0,0.77868852,0.0,False,POOL UW Equity,Pool Corp,14980442153.7,543655000.0,Industrials
CF,No,7796.0,12.7177814,8.0,-518.0,-0.84502447,0.0,982.0,1.60195759,1.0,False,CF UN Equity,CF Industries Holdings Inc,14845090127.7,1525000000.0,Basic Materials
BG,Yes,990.0,3.13291139,2.0,-74.0,-0.23417722,0.0,118.0,0.37341772,0.0,True,BG UN Equity,Bunge Global SA,14799853992.96,2243000000.0,Consumer Defensive
DPZ,Yes,25928.0,27.81974249,15.0,-2429.0,-2.60622318,-1.0,3639.0,3.90450644,1.0,False,DPZ UN Equity,Domino's Pizza Inc,14714542678.55,520128000.0,Consumer Cyclical
LW,Yes,3000.0,6.4516129,3.0,-188.0,-0.40430108,0.0,411.0,0.88387097,0.0,True,LW UN Equity,Lamb Weston Holdings Inc,14614827972.54,1123700000.0,Consumer Defensive
CFG,Yes,4714.0,7.97631134,5.0,-294.0,-0.49746193,0.0,428.0,0.72419628,0.0,False,CFG UN Equity,Citizens Financial Group Inc,14478362177.88,1608000000.0,Financial Services
ALB,No,15327.0,19.57471264,14.0,-823.0,-1.05108557,0.0,1519.0,1.93997446,1.0,False,ALB UN Equity,Albemarle Corp,14392427517.91,1573476000.0,Basic Materials
BEN,No,8807.0,13.24360902,10.0,-341.0,-0.51278195,0.0,748.0,1.12481203,0.0,False,BEN UN Equity,Franklin Resources Inc,14359234560.21,968500000.0,Financial Services
ZBRA,Yes,4097.0,7.93992248,4.0,-287.0,-0.55620155,0.0,489.0,0.94767442,0.0,False,ZBRA UW Equity,Zebra Technologies Corp,14153522923.14,296000000.0,Technology
SNA,Yes,1597.0,4.69705882,2.0,-110.0,-0.32352941,0.0,194.0,0.57058824,0.0,True,SNA UN Equity,Snap-on Inc,14087166964.08,1011100000.0,Industrials
HST,Yes,365.0,3.47619048,2.0,-7.0,-0.06666667,0.0,16.0,0.15238095,0.0,False,HST UW Equity,Host Hotels & Resorts Inc,13910488000.0,755000000.0,Real Estate
MGM,Yes,70478.0,64.6587156,32.0,-5969.0,-5.47614679,-2.0,6571.0,6.02844037,2.0,True,MGM UN Equity,MGM Resorts International,13891442998.14,1142180000.0,Consumer Cyclical
FOX,No,11664.0,14.17253949,7.0,-16424.0,-19.95625759,-13.0,2529.0,3.07290401,2.0,False,FOX UW Equity,Fox Corp,13868632949.35,837000000.0,Communication Services
UAL,No,291341.0,242.17871987,169.0,-18329.0,-15.23607648,-6.0,11945.0,9.92934331,4.0,False,UAL UW Equity,United Airlines Holdings Inc,13773430260.85,2618000000.0,Industrials
DGX,Yes,4020.0,7.73076923,4.0,-609.0,-1.17115385,0.0,487.0,0.93653846,0.0,False,DGX UN Equity,Quest Diagnostics Inc,13764000000.0,854000000.0,Healthcare
MRO,No,56272.0,50.33273703,33.0,-5364.0,-4.79785331,-2.0,6702.0,5.99463327,3.0,False,MRO UN Equity,Marathon Oil Corp,13683083230.04,1682000000.0,Energy
GEN,No,16668.0,20.60321384,12.0,-1253.0,-1.54882571,-1.0,1479.0,1.82818294,0.0,False,GEN UW Equity,Gen Digital Inc,13604396852.4,1397000000.0,Technology
SWK,Yes,6193.0,9.7681388,6.0,-590.0,-0.93059937,0.0,612.0,0.96529968,0.0,False,SWK UN Equity,Stanley Black & Decker Inc,13545063250.2,-310500000.0,Industrials
LKQ,Yes,2711.0,5.58969072,3.0,-217.0,-0.44742268,0.0,386.0,0.79587629,0.0,False,LKQ UW Equity,LKQ Corp,13390619882.76,953000000.0,Consumer Cyclical
PODD,Yes,3555.0,6.83653846,3.0,-279.0,-0.53653846,0.0,477.0,0.91730769,0.0,False,PODD UW Equity,Insulet Corp,13337773505.19,120000000.0,Healthcare
TAP,Yes,13254.0,16.86259542,12.0,-1130.0,-1.43765903,0.0,1079.0,1.37277354,1.0,False,TAP UN Equity,Molson Coors Beverage Co,13259622500.0,948900000.0,Consumer Defensive
KIM,No,666.0,3.74157303,2.0,-24.0,-0.13483146,0.0,39.0,0.21910112,0.0,False,KIM UN Equity,Kimco Realty Corp,13185899640.68,654273000.0,Real Estate
KEY,Yes,10644.0,11.25158562,8.0,-1542.0,-1.63002114,-1.0,3198.0,3.38054968,2.0,False,KEY UN Equity,KeyCorp,13177455480.0,967000000.0,Financial Services
SJM,No,5101.0,9.39410681,4.0,-405.0,-0.74585635,0.0,697.0,1.28360958,0.0,False,SJM UN Equity,J M Smucker Co/The,13171385134.72,-13700000.0,Consumer Defensive
AMCR,Yes,2303.0,5.65847666,3.0,-208.0,-0.51105651,0.0,360.0,0.88452088,0.0,True,AMCR UN Equity,Amcor PLC,13065902636.48,644000000.0,Consumer Cyclical
INCY,Yes,9641.0,12.60261438,8.0,-780.0,-1.01960784,0.0,1057.0,1.38169935,1.0,False,INCY UW Equity,Incyte Corp,13013534378.88,597599000.0,Healthcare
CAG,Yes,10009.0,14.69750367,8.0,-834.0,-1.2246696,0.0,1091.0,1.6020558,0.0,False,CAG UN Equity,Conagra Brands Inc,13006516811.88,985100000.0,Consumer Defensive
RVTY,No,3907.0,7.98977505,5.0,-276.0,-0.56441718,0.0,473.0,0.96728016,0.0,False,RVTY UN Equity,Revvity Inc,12644310728.48,693094000.0,Healthcare
CRL,Yes,4042.0,7.55514019,5.0,-213.0,-0.39813084,0.0,259.0,0.48411215,0.0,True,CRL UN Equity,Charles River Laboratories Int,12578639659.2,474624000.0,Healthcare
JKHY,Yes,2863.0,6.86570743,4.0,-178.0,-0.42685851,0.0,329.0,0.78896882,0.0,True,JKHY UW Equity,Jack Henry & Associates Inc,12568217101.44,372966000.0,Technology
IPG,No,4910.0,10.65075922,8.0,-196.0,-0.42516269,0.0,420.0,0.91106291,0.0,False,IPG UN Equity,Interpublic Group of Cos Inc/T,12428484050.95,1098400000.0,Communication Services
IP,No,5525.0,8.605919,6.0,-410.0,-0.63862928,0.0,497.0,0.7741433,0.0,False,IP UN Equity,International Paper Co,12399466899.2,288000000.0,Consumer Cyclical
PNR,Yes,2884.0,6.09725159,3.0,-263.0,-0.55602537,0.0,457.0,0.96617336,0.0,False,PNR UN Equity,Pentair PLC,12384198008.28,622700000.0,Industrials
CPB,Yes,11838.0,15.0994898,8.0,-933.0,-1.19005102,0.0,1663.0,2.12117347,1.0,True,CPB UN Equity,Campbell Soup Co,12356238160.75,795000000.0,Consumer Defensive
LNT,Yes,3047.0,5.87090559,4.0,-173.0,-0.33333333,0.0,233.0,0.44894027,0.0,True,LNT UW Equity,Alliant Energy Corp,12218968098.2,703000000.0,Utilities
JNPR,Yes,8676.0,12.05,7.0,-572.0,-0.79444444,0.0,1328.0,1.84444444,0.5,True,JNPR UN Equity,Juniper Networks Inc,11884819952.72,310200000.0,Technology
WYNN,Yes,52070.0,48.21296296,26.0,-5302.0,-4.90925926,-2.0,4938.0,4.57222222,2.0,True,WYNN UW Equity,Wynn Resorts Ltd,11874012244.09,729994000.0,Consumer Cyclical
UDR,Yes,175.0,2.77777778,1.0,-6.0,-0.0952381,0.0,8.0,0.12698413,0.0,False,UDR UN Equity,UDR Inc,11870843592.96,444353000.0,Real Estate
GL,Yes,1789.0,4.78342246,3.0,-121.0,-0.32352941,0.0,111.0,0.29679144,0.0,False,GL UN Equity,Globe Life Inc,11814725432.2,970755000.0,Financial Services
TFX,No,2684.0,5.58004158,3.0,-218.0,-0.45322245,0.0,319.0,0.66320166,0.0,False,TFX UN Equity,Teleflex Inc,11798448150.48,403812000.0,Healthcare
AOS,Yes,2554.0,6.15421687,3.0,-213.0,-0.51325301,0.0,312.0,0.75180723,0.0,False,AOS UN Equity,A O Smith Corp,11788855158.55,556600000.0,Industrials
NRG,No,6931.0,9.41711957,6.0,-504.0,-0.68478261,0.0,779.0,1.05842391,0.0,False,NRG UN Equity,NRG Energy Inc,11717174228.4,-1779000000.0,Utilities
ALLE,Yes,1954.0,5.50422535,2.0,-169.0,-0.47605634,0.0,264.0,0.74366197,0.0,False,ALLE UN Equity,Allegion plc,11624829489.72,557100000.0,Industrials
REG,Yes,242.0,3.31506849,2.0,-6.0,-0.08219178,0.0,21.0,0.28767123,0.0,False,REG UW Equity,Regency Centers Corp,11567200667.25,364557000.0,Real Estate
RL,Yes,13333.0,16.37960688,9.0,-1225.0,-1.504914,0.0,1546.0,1.8992629,1.0,True,RL UN Equity,Ralph Lauren Corp,11560936802.6,587900000.0,Consumer Cyclical
EVRG,Yes,116.0,3.86666667,2.0,-1.0,-0.03333333,0.0,8.0,0.26666667,0.0,False,EVRG UW Equity,Evergy Inc,11486044194.02,680800000.0,Utilities
DAY,Yes,2671.0,6.86632391,3.0,-248.0,-0.63753213,0.0,322.0,0.8277635,0.0,True,DAY UN Equity,Dayforce Inc,11450538000.0,54800000.0,Technology
KMX,Yes,17801.0,21.5769697,12.0,-1819.0,-2.20484848,-1.0,1711.0,2.07393939,1.0,False,KMX UN Equity,CarMax Inc,11351376502.92,497948000.0,Consumer Cyclical
HII,Yes,3494.0,7.67912088,4.0,-201.0,-0.44175824,0.0,375.0,0.82417582,0.0,True,HII UN Equity,Huntington Ingalls Industries,11286908956.83,681000000.0,Industrials
TECH,Yes,2535.0,5.30334728,3.0,-126.0,-0.26359833,0.0,229.0,0.4790795,0.0,False,TECH UW Equity,Bio-Techne Corp,11256496562.85,224160000.0,Healthcare
WRK,No,2669.0,6.98691099,3.0,-213.0,-0.55759162,0.0,292.0,0.76439791,0.0,False,WRK UN Equity,Westrock Co,11232015812.01,-1716700000.0,Consumer Cyclical
AES,Yes,4020.0,8.00796813,6.0,-168.0,-0.33466135,0.0,319.0,0.63545817,0.0,True,AES UN Equity,AES Corp/The,11229678916.95,-560000000.0,Utilities
UHS,Yes,3227.0,6.08867925,3.0,-402.0,-0.75849057,0.0,416.0,0.78490566,0.0,True,UHS UN Equity,Universal Health Services Inc,11068831440.64,676237000.0,Healthcare
PAYC,Yes,8103.0,11.79475983,5.0,-661.0,-0.96215429,0.0,1220.0,1.77583697,0.0,False,PAYC UN Equity,Paycom Software Inc,10981965208.34,340788000.0,Technology
QRVO,Yes,7946.0,10.99031812,5.0,-723.0,-1.0,0.0,1210.0,1.6735823,0.0,False,QRVO UW Equity,Qorvo Inc,10829840533.86,-211473000.0,Technology
FFIV,Yes,9924.0,13.14437086,7.0,-734.0,-0.97218543,0.0,1198.0,1.58675497,0.0,True,FFIV UW Equity,F5 Inc,10723316405.2,460928000.0,Technology
DVA,Yes,5598.0,8.81574803,4.0,-461.0,-0.72598425,0.0,580.0,0.91338583,0.0,False,DVA UN Equity,DaVita Inc,10718694000.0,691535000.0,Healthcare
NI,Yes,2319.0,5.36805556,3.0,-131.0,-0.30324074,0.0,220.0,0.50925926,0.0,False,NI UN Equity,NiSource Inc,10707459921.9,721400000.0,Utilities
BXP,Yes,1455.0,5.23381295,4.0,-74.0,-0.26618705,0.0,80.0,0.28776978,0.0,False,BXP UN Equity,Boston Properties Inc,10571536733.76,190215000.0,Real Estate
TPR,Yes,5880.0,10.72992701,5.0,-463.0,-0.84489051,0.0,803.0,1.46532847,0.0,False,TPR UN Equity,Tapestry Inc,10530200130.14,928100000.0,Consumer Cyclical
CTLT,Yes,8789.0,12.81195335,8.0,-568.0,-0.82798834,0.0,875.0,1.2755102,0.0,True,CTLT UN Equity,Catalent Inc,10508088424.5,-1302000000.0,Healthcare
CPT,Yes,591.0,3.41618497,2.0,-28.0,-0.16184971,0.0,30.0,0.1734104,0.0,False,CPT UN Equity,Camden Property Trust,10267119168.96,403309000.0,Real Estate
BBWI,Yes,17803.0,24.58977901,8.0,-2160.0,-2.98342541,-1.0,2280.0,3.14917127,1.0,False,BBWI UN Equity,Bath & Body Works Inc,10257702876.8,733000000.0,Consumer Cyclical
MTCH,Yes,21836.0,27.64050633,15.0,-1721.0,-2.17848101,-1.0,2096.0,2.65316456,1.0,True,MTCH UW Equity,Match Group Inc,10217396728.35,651539000.0,Communication Services
EMN,Yes,4817.0,8.2766323,5.0,-438.0,-0.75257732,0.0,562.0,0.96563574,0.0,True,EMN UN Equity,Eastman Chemical Co,9996514999.59,894000000.0,Basic Materials
MOS,Yes,14373.0,18.93675889,11.0,-1200.0,-1.58102767,-1.0,1883.0,2.48089592,1.0,True,MOS UN Equity,Mosaic Co/The,9984823150.25,1322800000.0,Basic Materials
HSIC,No,4644.0,8.2633452,5.0,-310.0,-0.55160142,0.0,529.0,0.94128114,0.0,False,HSIC UW Equity,Henry Schein Inc,9878724384.8,445000000.0,Healthcare
BIO,Yes,1542.0,4.44380403,2.0,-97.0,-0.2795389,0.0,128.0,0.36887608,0.0,False,BIO UN Equity,Bio-Rad Laboratories Inc,9774236399.419998,-637324000.0,Healthcare
APA,No,11971.0,17.60441176,12.0,-687.0,-1.01029412,0.0,1367.0,2.01029412,1.0,False,APA UW Equity,APA Corp,9683132120.97,1525000000.0,Energy
AAL,Yes,476825.0,384.2264303,251.0,-31592.0,-25.45688961,-12.0,20834.0,16.78807413,8.0,False,AAL UW Equity,American Airlines Group Inc,9567833652.000002,822000000.0,Industrials
PEAK,No,0.0,,,0.0,,,0.0,,,False,PEAK UN Equity,Healthpeak Properties Inc,9389488388.28,306009000.0,Real Estate
CZR,Yes,47549.0,48.81827515,30.0,-3470.0,-3.56262834,-1.0,4335.0,4.45071869,2.0,False,CZR UW Equity,Caesars Entertainment Inc,9169861261.86,710000000.0,Consumer Cyclical
ETSY,Yes,47972.0,46.21579961,27.0,-4038.0,-3.89017341,-2.0,5610.0,5.40462428,2.0,True,ETSY UW Equity,Etsy Inc,9168970668.779999,333850000.0,Consumer Cyclical
AIZ,Yes,2206.0,5.04805492,3.0,-192.0,-0.43935927,0.0,293.0,0.67048055,0.0,False,AIZ UN Equity,Assurant Inc,9029554578.48,642500000.0,Financial Services
RHI,Yes,3011.0,6.22107438,4.0,-180.0,-0.37190083,0.0,313.0,0.64669421,0.0,True,RHI UN Equity,Robert Half Inc,8560548162.200001,411146000.0,Industrials
CHRW,No,4683.0,7.79201331,5.0,-443.0,-0.73710483,0.0,493.0,0.8202995,0.0,False,CHRW UW Equity,CH Robinson Worldwide Inc,8445357410.000001,325129000.0,Industrials
FRT,Yes,306.0,2.68421053,2.0,-12.0,-0.10526316,0.0,19.0,0.16666667,0.0,False,FRT UN Equity,Federal Realty Investment Trus,8312294220.12,236985000.0,Real Estate
MKTX,Yes,4499.0,7.12995246,4.0,-501.0,-0.79397781,0.0,550.0,0.87163233,0.0,False,MKTX UW Equity,MarketAxess Holdings Inc,8302809329.919999,258055000.0,Financial Services
PARA,Yes,201084.0,192.97888676,113.0,-16660.0,-15.98848369,-5.0,13740.0,13.18618042,5.0,True,PARA UW Equity,Paramount Global,8212915629.750001,-1101000000.0,Communication Services
PNW,Yes,2198.0,5.02974828,3.0,-243.0,-0.55606407,0.0,259.0,0.59267735,0.0,False,PNW UN Equity,Pinnacle West Capital Corp,7696164827.76,477588000.0,Utilities
MHK,Yes,3022.0,6.10505051,3.0,-397.0,-0.8020202,0.0,451.0,0.91111111,0.0,True,MHK UN Equity,Mohawk Industries Inc,7350194445.52,-439516000.0,Consumer Cyclical
XRAY,Yes,4284.0,7.59574468,4.0,-498.0,-0.88297872,0.0,408.0,0.72340426,0.0,True,XRAY UW Equity,DENTSPLY SIRONA Inc,7114271929.78,-214000000.0,Healthcare
GNRC,Yes,13811.0,18.19631094,11.0,-1322.0,-1.74176548,-1.0,1672.0,2.20289855,1.0,False,GNRC UN Equity,Generac Holdings Inc,7052956140.96,214606000.0,Industrials
HAS,Yes,32678.0,37.51779564,24.0,-2681.0,-3.07807118,-1.0,2389.0,2.74282434,1.0,False,HAS UW Equity,Hasbro Inc,7046443333.880001,-1489300000.0,Consumer Cyclical
BWA,Yes,3829.0,7.67334669,4.0,-310.0,-0.62124248,0.0,408.0,0.81763527,0.0,False,BWA UN Equity,BorgWarner Inc,7033567422.33,625000000.0,Consumer Cyclical
IVZ,Yes,28105.0,28.56199187,24.0,-1564.0,-1.58943089,-1.0,2232.0,2.26829268,2.0,True,IVZ UN Equity,Invesco Ltd,6940280000.0,-96900000.0,Financial Services
NCLH,No,109504.0,104.09125475,53.0,-10626.0,-10.10076046,-3.0,9088.0,8.63878327,4.0,False,NCLH UN Equity,Norwegian Cruise Line Holdings,6917409426.84,-209817000.0,Consumer Cyclical
CMA,Yes,6582.0,10.36535433,6.0,-601.0,-0.94645669,0.0,736.0,1.15905512,0.0,False,CMA UN Equity,Comerica Inc,6638477356.080001,881000000.0,Financial Services
FMC,Yes,4270.0,7.51760563,4.0,-342.0,-0.60211268,0.0,572.0,1.00704225,0.0,False,FMC UN Equity,FMC Corp,6529880145.58,1321500000.0,Basic Materials
VFC,No,8920.0,12.2696011,7.0,-946.0,-1.30123796,0.0,947.0,1.30261348,0.0,False,VFC UN Equity,VF Corp,6473785667.4,-765466000.0,Consumer Cyclical
ZION,No,4818.0,8.60357143,4.0,-424.0,-0.75714286,0.0,444.0,0.79285714,0.0,False,ZION UW Equity,Zions Bancorp NA,6020937919.999999,680000000.0,Financial Services
WHR,Yes,8856.0,15.50963222,7.0,-649.0,-1.13660245,0.0,1035.0,1.81260946,0.0,False,WHR UN Equity,Whirlpool Corp,5910268648.96,481000000.0,Consumer Cyclical
